BusinessUnit,CustomerNo,Salesperson,OrderLines,DiscountEUR,CategoryCode,CategoryLabel,CustCatDiscountEUR,PctOfCustomer
DK,003546630423,SEC-DK,1,659.5724732795798,PA2_Manually,Manual Price Change,2375.7661275520754,27.76
DK,003546630423,UWH-DK,10,1716.1936542724957,PA2_Manually,Manual Price Change,2375.7661275520754,72.24
DK,1021,PERSONALE,55,957.4000460519919,PA2_Manually,Manual Price Change,957.4000460519919,100.0
DK,1187,PERSONALE,29,67.22554588802025,PA2_Manually,Manual Price Change,67.22554588802025,100.0
DK,1188,PERSONALE,66,351.16580086542155,PA2_Manually,Manual Price Change,351.16580086542155,100.0
DK,1199,PERSONALE,14,454.1316286021355,PA2_Manually,Manual Price Change,454.1316286021355,100.0
DK,1208,PERSONALE,5,80.60051297098026,PA2_Manually,Manual Price Change,80.60051297098026,100.0
DK,1213,PERSONALE,15,32.53174030762893,PA2_Manually,Manual Price Change,32.53174030762893,100.0
DK,1225,PERSONALE,33,117.01760214979949,PA2_Manually,Manual Price Change,117.01760214979949,100.0
DK,1244,PERSONALE,44,582.1199388578669,PA2_Manually,Manual Price Change,582.1199388578669,100.0
DK,1258,PERSONALE,46,101.49515484219447,PA2_Manually,Manual Price Change,101.49515484219447,100.0
DK,1259,PERSONALE,53,250.51241232313774,PA2_Manually,Manual Price Change,250.51241232313774,100.0
DK,1263,PERSONALE,38,102.15081320247803,PA2_Manually,Manual Price Change,102.15081320247803,100.0
DK,1269,PERSONALE,62,4153.425900587627,PA2_Manually,Manual Price Change,4153.425900587627,100.0
DK,1271,PERSONALE,41,444.228315976412,PA2_Manually,Manual Price Change,444.228315976412,100.0
DK,1279,PERSONALE,20,32.66996147813602,PA2_Manually,Manual Price Change,32.66996147813602,100.0
DK,1280,PERSONALE,34,832.7949682176389,PA2_Manually,Manual Price Change,832.7949682176389,100.0
DK,20000,SEC-DK,23,27303.669912095997,PA2_Manually,Manual Price Change,27303.669912095997,100.0
DK,20002,MIJ-DK,1,17.35849562385235,PA2_Manually,Manual Price Change,243.21769888373117,7.14
DK,20002,PAV-DK,2,225.85920325987883,PA2_Manually,Manual Price Change,243.21769888373117,92.86
DK,20004,B2B-DK,1,53.625053625053624,PA2_Manually,Manual Price Change,53.625053625053624,100.0
DK,20015,DKR-DK,1,-0.09382623381504171,PA2_Manually,Manual Price Change,-0.09382623381504171,100.0
DK,20026,SEC-DK,125,352.7550175061839,PA2_Manually,Manual Price Change,352.7550175061839,100.0
DK,20047,SEC-DK,6,1301.4258690311513,PA2_Manually,Manual Price Change,8938.355552353023,14.56
DK,20047,UWH-DK,14,7636.929683321872,PA2_Manually,Manual Price Change,8938.355552353023,85.44
DK,20083,B2B-DK,1,17.208797394555916,PA2_Manually,Manual Price Change,17.208797394555916,100.0
DK,20134,MIJ-DK,2,-264.01151912889685,PA2_Manually,Manual Price Change,-264.01151912889685,100.0
DK,20148,FGI-DK,2,33.60736952039204,PA2_Manually,Manual Price Change,33.60736952039204,100.0
DK,20177,DKR-DK,1,1.43527204502814,PA2_Manually,Manual Price Change,1.43527204502814,100.0
DK,20188,PAV-DK,3,15.282964645606647,PA2_Manually,Manual Price Change,15.282964645606647,100.0
DK,20234,SEC-DK,1,-127.39801321839853,PA2_Manually,Manual Price Change,-127.39801321839853,100.0
DK,20236,SEC-DK,1,0.0041742602915966565,PA2_Manually,Manual Price Change,0.0041742602915966565,100.0
DK,20267,MPE-DK,1,203.05316910375146,PA2_Manually,Manual Price Change,203.05316910375146,100.0
DK,20304,SEC-DK,4,125.26089983223966,PA2_Manually,Manual Price Change,125.26089983223966,100.0
DK,20326,SEC-DK,7,-4019.030759141333,PA2_Manually,Manual Price Change,-4230.775844258995,95.0
DK,20326,UWH-DK,4,-211.74508511766138,PA2_Manually,Manual Price Change,-4230.775844258995,5.0
DK,20358,B2B-DK,5,2654.3139780901624,PA2_Manually,Manual Price Change,3566.4193436133064,74.43
DK,20358,DKR-DK,9,912.105365523144,PA2_Manually,Manual Price Change,3566.4193436133064,25.57
DK,20485,MPE-DK,1,266.4200806765033,PA2_Manually,Manual Price Change,1309.6483604594077,20.34
DK,20485,UWH-DK,14,1043.2282797829046,PA2_Manually,Manual Price Change,1309.6483604594077,79.66
DK,20523,MIJ-DK,3,4171.0722366219015,PA2_Manually,Manual Price Change,4171.0722366219015,100.0
DK,20575,MPE-DK,88,81356.992961733,PA2_Manually,Manual Price Change,81356.992961733,100.0
DK,20591,B2B-DK,1,0.0013407881152541178,PA2_Manually,Manual Price Change,0.0013407881152541178,100.0
DK,20677,MPE-DK,4,599.2229679943198,PA2_Manually,Manual Price Change,599.2229679943198,100.0
DK,20719512,CHA-DK,1,0.2946967971816274,PA2_Manually,Manual Price Change,0.2946967971816274,100.0
DK,20721,UWH-DK,1,67.03131703131703,PA2_Manually,Manual Price Change,67.03131703131703,100.0
DK,20724968,B2B-DK,2,4.173535442885287,PA2_Manually,Manual Price Change,4.173535442885287,100.0
DK,20741,PERSONALE,49,252.75402628913733,PA2_Manually,Manual Price Change,252.75402628913733,100.0
DK,20746692A,CHA-DK,4,20.232653780732775,PA2_Manually,Manual Price Change,1590.9186398669376,1.27
DK,20746692A,MRR-DK,2,1570.6859860862048,PA2_Manually,Manual Price Change,1590.9186398669376,98.73
DK,20761,B2B-DK,1,64.24200222290662,PA2_Manually,Manual Price Change,64.24200222290662,100.0
DK,20771,B2B-DK,5,1052.2775875192463,PA2_Manually,Manual Price Change,1052.2775875192463,100.0
DK,20792,PERSONALE,3,4.1000655989714545,PA2_Manually,Manual Price Change,4.1000655989714545,100.0
DK,20798,JMU-DK,4,76.87553558221754,PA2_Manually,Manual Price Change,76.87553558221754,100.0
DK,21248689,DKR-DK,5,48.19839077425814,PA2_Manually,Manual Price Change,48.19839077425814,100.0
DK,21868,CHA-DK,1,2326.5555883220286,PA2_Manually,Manual Price Change,2326.5555883220286,100.0
DK,21871,SEC-DK,9,265.816554257388,PA2_Manually,Manual Price Change,265.816554257388,100.0
DK,21901,LAPD-DK,1,374.7223040068521,PA2_Manually,Manual Price Change,600.7094968856252,62.38
DK,21901,MIJ-DK,2,225.98719287877304,PA2_Manually,Manual Price Change,600.7094968856252,37.62
DK,21916686,B2B-DK,2,385.4328390170781,PA2_Manually,Manual Price Change,385.4328390170781,100.0
DK,21946,FRA-DK,2,89.50394710711471,PA2_Manually,Manual Price Change,89.50394710711471,100.0
DK,21961,MPE-DK,1,46.90934434139281,PA2_Manually,Manual Price Change,499.5293462948319,9.39
DK,21961,SEC-DK,2,452.6200019534391,PA2_Manually,Manual Price Change,499.5293462948319,90.61
DK,21994,B2B-DK,4,645.2655116086012,PA2_Manually,Manual Price Change,645.2655116086012,100.0
DK,22045,FGI-DK,28,1311.0493858906002,PA2_Manually,Manual Price Change,1384.7954898994333,94.67
DK,22045,SEC-DK,3,73.74610400883307,PA2_Manually,Manual Price Change,1384.7954898994333,5.33
DK,22051,FGI-DK,5,-24.119533403055996,PA2_Manually,Manual Price Change,-24.119533403055996,100.0
DK,22127,SEC-DK,20,6460.49879388965,PA2_Manually,Manual Price Change,6460.49879388965,100.0
DK,22132,PERSONALE,8,139.42366904548956,PA2_Manually,Manual Price Change,139.42366904548956,100.0
DK,22156,KMA-DK,13,136.5889375649487,PA2_Manually,Manual Price Change,136.5889375649487,100.0
DK,22157,PERSONALE,53,71.86425938039235,PA2_Manually,Manual Price Change,71.86425938039235,100.0
DK,22202126,DKR-DK,1,30.55481104261594,PA2_Manually,Manual Price Change,30.55481104261594,100.0
DK,22225289,LVE-DK,16,351.7799304903899,PA2_Manually,Manual Price Change,608.2121040101897,57.84
DK,22225289,UWH-DK,3,256.43217351979985,PA2_Manually,Manual Price Change,608.2121040101897,42.16
DK,22228222,MIJ-DK,3,0.0053557770264300196,PA2_Manually,Manual Price Change,0.0053557770264300196,100.0
DK,22581,B2B-DK,1,71.05668411960845,PA2_Manually,Manual Price Change,71.05668411960845,100.0
DK,22606014A,CBE-DK,37,3342.1577428481,PA2_Manually,Manual Price Change,3342.1577428481,100.0
DK,22665,UWH-DK,8,140.07617824776216,PA2_Manually,Manual Price Change,140.07617824776216,100.0
DK,22875,B2B-DK,1,32.17503217503217,PA2_Manually,Manual Price Change,239.6468376237625,13.43
DK,22875,DKR-DK,3,207.47180544873035,PA2_Manually,Manual Price Change,239.6468376237625,86.57
DK,22891,B2B-DK,2,0.048194398810983995,PA2_Manually,Manual Price Change,0.048194398810983995,100.0
DK,23147,B2B-DK,5,112.04215155252857,PA2_Manually,Manual Price Change,112.04215155252857,100.0
DK,23197,B2B-DK,1,3.74278559663618,PA2_Manually,Manual Price Change,3.74278559663618,100.0
DK,23239,DKR-DK,15,2341.9868242657035,PA2_Manually,Manual Price Change,2341.9868242657035,100.0
DK,23329,B2B-DK,1,67.20944869236854,PA2_Manually,Manual Price Change,964.54821057442,6.97
DK,23329,UWH-DK,9,897.3387618820514,PA2_Manually,Manual Price Change,964.54821057442,93.03
DK,23493,B2B-DK,1,313.0106345932335,PA2_Manually,Manual Price Change,313.0106345932335,100.0
DK,23502,MRO-DK,2,-59.07157097025855,PA2_Manually,Manual Price Change,-59.07157097025855,100.0
DK,23547,PERSONALE,28,244.21254942003455,PA2_Manually,Manual Price Change,244.21254942003455,100.0
DK,23549,PERSONALE,3,5.703498413463471,PA2_Manually,Manual Price Change,5.703498413463471,100.0
DK,23565,B2B-DK,1,1.0725585885128974,PA2_Manually,Manual Price Change,4.231426325997324,25.35
DK,23565,IFO-DK,1,3.1588677374844267,PA2_Manually,Manual Price Change,4.231426325997324,74.65
DK,23597,UWH-DK,6,3241.8620004386667,PA2_Manually,Manual Price Change,3241.8620004386667,100.0
DK,23605,DKR-DK,10,2392.7947117487374,PA2_Manually,Manual Price Change,2392.7947117487374,100.0
DK,23607,CHA-DK,10,330.65259611375706,PA2_Manually,Manual Price Change,330.65259611375706,100.0
DK,23625,KMA-DK,106,15212.537540796835,PA2_Manually,Manual Price Change,15212.537540796835,100.0
DK,23703,B2B-DK,1,0.0013406802611632955,PA2_Manually,Manual Price Change,0.0013406802611632955,100.0
DK,23706,SEC-DK,2,607.8168857452509,PA2_Manually,Manual Price Change,607.8168857452509,100.0
DK,23708,B2B-DK,1,13.43643624862632,PA2_Manually,Manual Price Change,13.43643624862632,100.0
DK,23710,B2B-DK,6,3095.101124914667,PA2_Manually,Manual Price Change,3095.101124914667,100.0
DK,23719,CHA-DK,15,310.18818136027835,PA2_Manually,Manual Price Change,310.18818136027835,100.0
DK,23723,PERSONALE,84,1288.1664311950592,PA2_Manually,Manual Price Change,1288.1664311950592,100.0
DK,23737,B2B-DK,1,23.202789699570815,PA2_Manually,Manual Price Change,278.69261048662804,8.33
DK,23737,DKR-DK,15,255.48982078705723,PA2_Manually,Manual Price Change,278.69261048662804,91.67
DK,23747,B2B-DK,3,135.92740530252257,PA2_Manually,Manual Price Change,3919.661527018678,3.47
DK,23747,DKR-DK,7,3783.7341217161556,PA2_Manually,Manual Price Change,3919.661527018678,96.53
DK,23752,B2B-DK,1,112.69726345145676,PA2_Manually,Manual Price Change,112.69726345145676,100.0
DK,23755,B2B-DK,4,107.17457158769251,PA2_Manually,Manual Price Change,107.17457158769251,100.0
DK,23770,SEC-DK,3,297.8592206329844,PA2_Manually,Manual Price Change,297.8592206329844,100.0
DK,23775,B2B-DK,3,106.76345048510595,PA2_Manually,Manual Price Change,164.6364435198853,64.85
DK,23775,DKR-DK,3,57.87299303477935,PA2_Manually,Manual Price Change,164.6364435198853,35.15
DK,23776,B2B-DK,1,59.11071193983833,PA2_Manually,Manual Price Change,59.11071193983833,100.0
DK,23782,BVA-DK,1,-7.022434265190717,PA2_Manually,Manual Price Change,-7.009028001784454,100.19
DK,23782,POS-DK,1,0.013406263406262645,PA2_Manually,Manual Price Change,-7.009028001784454,-0.19
DK,23789,SEC-DK,5,9.234969752128059,PA2_Manually,Manual Price Change,9.234969752128059,100.0
DK,23825,DKR-DK,1,3.881269356071271,PA2_Manually,Manual Price Change,3.881269356071271,100.0
DK,23829,SEC-DK,2,97.78218503479229,PA2_Manually,Manual Price Change,97.78218503479229,100.0
DK,23832,B2B-DK,1,2.8456210393751418,PA2_Manually,Manual Price Change,37.03368854236539,7.68
DK,23832,DKR-DK,6,34.18806750299025,PA2_Manually,Manual Price Change,37.03368854236539,92.32
DK,23843,KMA-DK,19,1206.1493981498438,PA2_Manually,Manual Price Change,1206.1493981498438,100.0
DK,23845,PERSONALE,4,3.563313958394009,PA2_Manually,Manual Price Change,3.563313958394009,100.0
DK,23846,PERSONALE,11,2012.155756633979,PA2_Manually,Manual Price Change,2012.155756633979,100.0
DK,23865,PERSONALE,29,74.16645328698748,PA2_Manually,Manual Price Change,74.16645328698748,100.0
DK,23876,PERSONALE,16,324.2973138670884,PA2_Manually,Manual Price Change,324.2973138670884,100.0
DK,23882,B2B-DK,8,44.27097250343347,PA2_Manually,Manual Price Change,44.27097250343347,100.0
DK,23885,DKR-DK,1,144.30501930501927,PA2_Manually,Manual Price Change,144.30501930501927,100.0
DK,23887,AHE-DK,2,22.178180698206948,PA2_Manually,Manual Price Change,22.178180698206948,100.0
DK,23893,B2B-DK,8,71.73267366846676,PA2_Manually,Manual Price Change,71.73267366846676,100.0
DK,23900,PERSONALE,3,3.62770688120788,PA2_Manually,Manual Price Change,3.62770688120788,100.0
DK,23909,SEC-DK,5,81793.88308193753,PA2_Manually,Manual Price Change,81793.88308193753,100.0
DK,23911,DKR-DK,1,17.687731146486573,PA2_Manually,Manual Price Change,17.687731146486573,100.0
DK,23911164,B2B-DK,1,49.259433013873064,PA2_Manually,Manual Price Change,1552.6595811200596,3.17
DK,23911164,IFO-DK,7,1036.7208029080564,PA2_Manually,Manual Price Change,1552.6595811200596,66.77
DK,23911164,KMA-DK,8,466.67934519812997,PA2_Manually,Manual Price Change,1552.6595811200596,30.06
DK,23918,MPE-DK,1,1777.2297641042119,PA2_Manually,Manual Price Change,1861.6971481075916,95.46
DK,23918,SEC-DK,3,84.46738400337969,PA2_Manually,Manual Price Change,1861.6971481075916,4.54
DK,23921,DKR-DK,4,241.23348940134628,PA2_Manually,Manual Price Change,241.23348940134628,100.0
DK,23927,MIJ-DK,4,190.73817276621836,PA2_Manually,Manual Price Change,190.73817276621836,100.0
DK,23989,B2B-DK,7,58.44302810076302,PA2_Manually,Manual Price Change,58.44302810076302,100.0
DK,24002,B2B-DK,1,0.0013398360041023472,PA2_Manually,Manual Price Change,0.0013398360041023472,100.0
DK,24004,PERSONALE,1,10.711081953165795,PA2_Manually,Manual Price Change,10.711081953165795,100.0
DK,24007,JMU-DK,49,4689.016163570661,PA2_Manually,Manual Price Change,4689.016163570661,100.0
DK,24012,MPE-DK,14,9546.305330677484,PA2_Manually,Manual Price Change,9546.305330677484,100.0
DK,24016,B2B-DK,1,0.9652121455861714,PA2_Manually,Manual Price Change,0.9652121455861714,100.0
DK,24021,B2B-DK,1,0.0013397283030989128,PA2_Manually,Manual Price Change,0.0013397283030989128,100.0
DK,24133,SEC-DK,11,603.2228132179497,PA2_Manually,Manual Price Change,603.2228132179497,100.0
DK,24160,MPE-DK,3,-1696.0357611285096,PA2_Manually,Manual Price Change,-1696.0357611285096,100.0
DK,24166,PERSONALE,1,5.026901148317675,PA2_Manually,Manual Price Change,5.026901148317675,100.0
DK,24228,CBE-DK,7,5065.45671396681,PA2_Manually,Manual Price Change,5065.45671396681,100.0
DK,25376316,B2B-DK,16,115.71330892006125,PA2_Manually,Manual Price Change,691.2969696459597,16.74
DK,25376316,DKR-DK,20,107.29273909780883,PA2_Manually,Manual Price Change,691.2969696459597,15.52
DK,25376316,ERO-DK,21,468.2909216280897,PA2_Manually,Manual Price Change,691.2969696459597,67.74
DK,25444662,B2B-DK,5,415.2463074349124,PA2_Manually,Manual Price Change,628.0125797985008,66.12
DK,25444662,DKR-DK,4,212.76627236358837,PA2_Manually,Manual Price Change,628.0125797985008,33.88
DK,26161726,JMU-DK,12,2057.968662876891,PA2_Manually,Manual Price Change,2057.968662876891,100.0
DK,26170208,DKR-DK,4,226.6241040783242,PA2_Manually,Manual Price Change,226.6241040783242,100.0
DK,26874417,B2B-DK,1,-123.18239027394692,PA2_Manually,Manual Price Change,-123.18239027394692,100.0
DK,27112278,MPE-DK,21,-439.50829502524755,PA2_Manually,Manual Price Change,-439.50829502524755,100.0
DK,27127193,MIJ-DK,2,5.8985186674710075,PA2_Manually,Manual Price Change,5.8985186674710075,100.0
DK,27149250,MRO-DK,26,8384.252802316389,PA2_Manually,Manual Price Change,8591.840741189073,97.58
DK,27149250,SLI-DK,9,207.58793887268436,PA2_Manually,Manual Price Change,8591.840741189073,2.42
DK,27288860A,B2B-DK,36,729.3600993591577,PA2_Manually,Manual Price Change,870.1334141014755,83.82
DK,27288860A,DKR-DK,1,140.7733147423178,PA2_Manually,Manual Price Change,870.1334141014755,16.18
DK,27500888,B2B-DK,1,8.364561027837258,PA2_Manually,Manual Price Change,8.364561027837258,100.0
DK,28740120,B2B-DK,1,6.448585601287036,PA2_Manually,Manual Price Change,6.448585601287036,100.0
DK,28771095,JMA-DK,1,-90.08767461189909,PA2_Manually,Manual Price Change,-90.08767461189909,100.0
DK,29462660,CHA-DK,20,597.4408011797475,PA2_Manually,Manual Price Change,1988.2105627393084,30.05
DK,29462660,MRR-DK,19,1390.769761559561,PA2_Manually,Manual Price Change,1988.2105627393084,69.95
DK,298205555,UWH-DK,55,666.820674134443,PA2_Manually,Manual Price Change,666.820674134443,100.0
DK,298311414,KMA-DK,3,104.96579239801319,PA2_Manually,Manual Price Change,104.96579239801319,100.0
DK,298344000,MPN-DK,35,2785.4091865271203,PA2_Manually,Manual Price Change,2785.4091865271203,100.0
DK,298471900,UWH-DK,1,-844.1757269448875,PA2_Manually,Manual Price Change,-844.1757269448875,100.0
DK,298474444,UWH-DK,2,1647.2931209967714,PA2_Manually,Manual Price Change,1647.2931209967714,100.0
DK,298505057,UWH-DK,4,593.9895849319628,PA2_Manually,Manual Price Change,593.9895849319628,100.0
DK,298550055,UWH-DK,5,366.6150041338804,PA2_Manually,Manual Price Change,366.6150041338804,100.0
DK,29861033,PAV-DK,2,16.991098241098243,PA2_Manually,Manual Price Change,16.991098241098243,100.0
DK,299342670,KMA-DK,17,150.25740447837038,PA2_Manually,Manual Price Change,150.25740447837038,100.0
DK,299365500,DKR-DK,5,588.9010443970677,PA2_Manually,Manual Price Change,588.9010443970677,100.0
DK,299551427,B2B-DK,6,21.70061201598456,PA2_Manually,Manual Price Change,21.70061201598456,100.0
DK,30283773,FRA-DK,25,-690.5291014217302,PA2_Manually,Manual Price Change,-690.4582227160179,100.01
DK,30283773,POS-DK,6,0.07087870571226415,PA2_Manually,Manual Price Change,-690.4582227160179,-0.01
DK,30295256,CHA-DK,30,1931.5830899264909,PA2_Manually,Manual Price Change,4539.321206978266,42.55
DK,30295256,MRR-DK,2,2607.738117051775,PA2_Manually,Manual Price Change,4539.321206978266,57.45
DK,30918787,SEC-DK,2,173.1339278007536,PA2_Manually,Manual Price Change,173.1339278007536,100.0
DK,30927220,B2B-DK,4,38.07105519727061,PA2_Manually,Manual Price Change,94.27627500534648,40.38
DK,30927220,DKR-DK,4,56.20521980807587,PA2_Manually,Manual Price Change,94.27627500534648,59.62
DK,31228313,ERO-DK,2,38.34049812150046,PA2_Manually,Manual Price Change,38.34049812150046,100.0
DK,31415191,SLI-DK,1,8.837134467640084,PA2_Manually,Manual Price Change,8.837134467640084,100.0
DK,32110555,LVE-DK,2,75.5252621289018,PA2_Manually,Manual Price Change,587.7186214254835,12.85
DK,32110555,UWH-DK,1,512.1933592965818,PA2_Manually,Manual Price Change,587.7186214254835,87.15
DK,33121212,SEC-DK,3,1391.4584081537523,PA2_Manually,Manual Price Change,1391.4584081537523,100.0
DK,33230099,B2B-DK,22,1994.0334151490324,PA2_Manually,Manual Price Change,2085.216787592881,95.63
DK,33230099,RET-DK,2,91.18337244384848,PA2_Manually,Manual Price Change,2085.216787592881,4.37
DK,33333333,B2B-DK,4,36.4750099563296,PA2_Manually,Manual Price Change,36.4750099563296,100.0
DK,33366304,B2B-DK,19,91.35981777426065,PA2_Manually,Manual Price Change,91.35981777426065,100.0
DK,33863900,LBN-DK,4,1223.49682067879,PA2_Manually,Manual Price Change,8030.4953728402925,15.24
DK,33863900,SEC-DK,2,6806.998552161503,PA2_Manually,Manual Price Change,8030.4953728402925,84.76
DK,33912091,IFO-DK,1,-34.304397931016,PA2_Manually,Manual Price Change,56.863082092580285,-60.33
DK,33912091,KMA-DK,1,91.16748002359628,PA2_Manually,Manual Price Change,56.863082092580285,160.33
DK,35250220,B2B-DK,1,6.283684139965143,PA2_Manually,Manual Price Change,6.283684139965143,100.0
DK,3544409000,KMA-DK,1,-3.0999999955542776,PA2_Manually,Manual Price Change,-3.0999999955542776,100.0
DK,3545302474,UWH-DK,15,979.408548302062,PA2_Manually,Manual Price Change,979.408548302062,100.0
DK,3545444222,UWH-DK,26,1476.7191410904022,PA2_Manually,Manual Price Change,1476.7191410904022,100.0
DK,3548970713,SEC-DK,1,84.2266174991619,PA2_Manually,Manual Price Change,108.7528712181037,77.45
DK,3548970713,UWH-DK,1,24.52625371894181,PA2_Manually,Manual Price Change,108.7528712181037,22.55
DK,35836800,MIJ-DK,5,39.23855486292646,PA2_Manually,Manual Price Change,76.24133007106707,51.47
DK,35836800,PAV-DK,4,37.00277520814061,PA2_Manually,Manual Price Change,76.24133007106707,48.53
DK,36444200,B2B-DK,1,288.62660944206004,PA2_Manually,Manual Price Change,288.62660944206004,100.0
DK,38146105,KMA-DK,1,3.4067598911338437,PA2_Manually,Manual Price Change,3.4067598911338437,100.0
DK,38796843,B2B-DK,1,29.76709261320209,PA2_Manually,Manual Price Change,29.76709261320209,100.0
DK,38862861,LVE-DK,5,22.78194575857704,PA2_Manually,Manual Price Change,9.374963402165823,243.01
DK,38862861,MPE-DK,1,-13.406982356411218,PA2_Manually,Manual Price Change,9.374963402165823,-143.01
DK,39163131,SEC-DK,7,175.6893941826245,PA2_Manually,Manual Price Change,175.6893941826245,100.0
DK,39484800,KMA-DK,49,3581.8416798837807,PA2_Manually,Manual Price Change,3581.8416798837807,100.0
DK,39657755,DKR-DK,1,14.952619657145922,PA2_Manually,Manual Price Change,14.952619657145922,100.0
DK,40186474,DKR-DK,5,78.72058583430213,PA2_Manually,Manual Price Change,78.72058583430213,100.0
DK,40205895,DKR-DK,28,118.83764105019384,PA2_Manually,Manual Price Change,118.83764105019384,100.0
DK,40888877,B2B-DK,7,105.01539315015808,PA2_Manually,Manual Price Change,105.01539315015808,100.0
DK,40948222,MPE-DK,2,-82.10442963184263,PA2_Manually,Manual Price Change,-82.10442963184263,100.0
DK,40975656,CBE-DK,32,2295.081418625344,PA2_Manually,Manual Price Change,2295.081418625344,100.0
DK,42433411,BVA-DK,1,0.3965648906097186,PA2_Manually,Manual Price Change,0.3965648906097186,100.0
DK,42442400,B2B-DK,2,40.224722114211396,PA2_Manually,Manual Price Change,121.27861542355154,33.17
DK,42442400,DKR-DK,2,81.05389330934014,PA2_Manually,Manual Price Change,121.27861542355154,66.83
DK,42601200,SEC-DK,1,5.706969822905633,PA2_Manually,Manual Price Change,5.706969822905633,100.0
DK,42721922,CHA-DK,1,135.5157852402975,PA2_Manually,Manual Price Change,135.5157852402975,100.0
DK,43204700,BVA-DK,17,1799.0922824841148,PA2_Manually,Manual Price Change,6629.554019867334,27.14
DK,43204700,FRA-DK,60,4830.46173738322,PA2_Manually,Manual Price Change,6629.554019867334,72.86
DK,43221100,LVE-DK,15,243.80261676229287,PA2_Manually,Manual Price Change,861.2434460142322,28.31
DK,43221100,SGL-DK,6,617.4408292519394,PA2_Manually,Manual Price Change,861.2434460142322,71.69
DK,43324700,MRO-DK,5,-1951.4866593589268,PA2_Manually,Manual Price Change,-1189.6174122674693,164.04
DK,43324700,SLI-DK,2,761.8692470914575,PA2_Manually,Manual Price Change,-1189.6174122674693,-64.04
DK,43434388A,LVE-DK,2,267.6248190057381,PA2_Manually,Manual Price Change,267.6248190057381,100.0
DK,43666768,CBE-DK,13,1870.2460374710317,PA2_Manually,Manual Price Change,1870.2460374710317,100.0
DK,43668888,LBN-DK,17,51272.66278021828,PA2_Manually,Manual Price Change,51554.54786420018,99.45
DK,43668888,LVE-DK,1,8.581504176778985,PA2_Manually,Manual Price Change,51554.54786420018,0.02
DK,43668888,SGL-DK,1,273.3035798051278,PA2_Manually,Manual Price Change,51554.54786420018,0.53
DK,43692725A,CBE-DK,14,5121.655508743477,PA2_Manually,Manual Price Change,5121.655508743477,100.0
DK,43865000,LBN-DK,12,-121.02869380889382,PA2_Manually,Manual Price Change,-104.15647562653493,116.2
DK,43865000,LVE-DK,3,16.872218182358893,PA2_Manually,Manual Price Change,-104.15647562653493,-16.2
DK,44579300,SGL-DK,10,2423.584644895265,PA2_Manually,Manual Price Change,2423.584644895265,100.0
DK,44683456,B2B-DK,1,2.501071122536427,PA2_Manually,Manual Price Change,2.501071122536427,100.0
DK,44774477,MPE-DK,17,1772.2729705362822,PA2_Manually,Manual Price Change,1772.2729705362822,100.0
DK,44835000,AHE-DK,250,71963.37656355169,PA2_Manually,Manual Price Change,71963.37656355169,100.0
DK,44841444A,SEC-DK,8,203.24940844484163,PA2_Manually,Manual Price Change,203.24940844484163,100.0
DK,44882900,B2B-DK,1,488.4213204086279,PA2_Manually,Manual Price Change,488.4213204086279,100.0
DK,44951095,FGI-DK,3,1060.9216213168982,PA2_Manually,Manual Price Change,1283.0456573066153,82.69
DK,44951095,SEC-DK,1,222.1240359897172,PA2_Manually,Manual Price Change,1283.0456573066153,17.31
DK,44953837,B2B-DK,13,109.89848594967503,PA2_Manually,Manual Price Change,109.89848594967503,100.0
DK,45161655,B2B-DK,8,-13.502762216450742,PA2_Manually,Manual Price Change,-13.502762216450742,100.0
DK,45281222,DKR-DK,1,132.72912532847107,PA2_Manually,Manual Price Change,132.72912532847107,100.0
DK,4543322540,LBN-DK,1,12.735950235950225,PA2_Manually,Manual Price Change,177.9091677507069,7.16
DK,4543322540,LVE-DK,2,4.289429237822046,PA2_Manually,Manual Price Change,177.9091677507069,2.41
DK,4543322540,RET-DK,1,160.88378827693464,PA2_Manually,Manual Price Change,177.9091677507069,90.43
DK,4562263840,B2B-DK,4,38.66201903740441,PA2_Manually,Manual Price Change,38.66201903740441,100.0
DK,4570230903,LVE-DK,13,4066.8852240473752,PA2_Manually,Manual Price Change,4066.8852240473752,100.0
DK,45859859,B2B-DK,3,84.51719693600555,PA2_Manually,Manual Price Change,84.51719693600555,100.0
DK,45869500A,JMU-DK,310,38754.57570865933,PA2_Manually,Manual Price Change,38754.57570865933,100.0
DK,45893210,MIJ-DK,1,6.971163514002654,PA2_Manually,Manual Price Change,6.971163514002654,100.0
DK,46165100,MRR-DK,1,0.029493384097676715,PA2_Manually,Manual Price Change,0.029493384097676715,100.0
DK,46195100,CHA-DK,13,340.39875777629294,PA2_Manually,Manual Price Change,340.39875777629294,100.0
DK,46381911,B2B-DK,1,64.26907318640708,PA2_Manually,Manual Price Change,15.595743695815585,412.09
DK,46381911,DKR-DK,4,-48.6733294905915,PA2_Manually,Manual Price Change,15.595743695815585,-312.09
DK,46732519A,BVA-DK,1,9.775029777438734,PA2_Manually,Manual Price Change,9.775029777438734,100.0
DK,46768845,B2B-DK,1,0.0013405724244254392,PA2_Manually,Manual Price Change,0.0013405724244254392,100.0
DK,46907100,B2B-DK,1,0.002681252681252148,PA2_Manually,Manual Price Change,0.002681252681252148,100.0
DK,46932061A,JMA-DK,3,396.5519964662359,PA2_Manually,Manual Price Change,396.5519964662359,100.0
DK,49708077,B2B-DK,2,715.0028091728866,PA2_Manually,Manual Price Change,3099.3295688614717,23.07
DK,49708077,DKR-DK,11,2384.3267596885853,PA2_Manually,Manual Price Change,3099.3295688614717,76.93
DK,50480068A,B2B-DK,1,302.91251725663125,PA2_Manually,Manual Price Change,302.91251725663125,100.0
DK,51800180,DKR-DK,6,1437.1867155721277,PA2_Manually,Manual Price Change,1437.1867155721277,100.0
DK,52515329E,DKR-DK,9,2092.9822800520387,PA2_Manually,Manual Price Change,2199.1470767705814,95.17
DK,52515329E,ERO-DK,2,106.16479671854263,PA2_Manually,Manual Price Change,2199.1470767705814,4.83
DK,53303651,SLI-DK,1,-0.8043758043758044,PA2_Manually,Manual Price Change,-0.8043758043758044,100.0
DK,53533333A,B2B-DK,1,11.11140889234315,PA2_Manually,Manual Price Change,11.11140889234315,100.0
DK,53549474A,SGL-DK,6,2277.3076222444715,PA2_Manually,Manual Price Change,2277.3076222444715,100.0
DK,54148100,SEC-DK,1,158.01489897636537,PA2_Manually,Manual Price Change,158.01489897636537,100.0
DK,55720343,JMA-DK,1,27.875311587016537,PA2_Manually,Manual Price Change,27.875311587016537,100.0
DK,55721075A,JMA-DK,11,2069.0378348921513,PA2_Manually,Manual Price Change,2069.0378348921513,100.0
DK,55774030,CBE-DK,22,3701.1468340006977,PA2_Manually,Manual Price Change,3701.1468340006977,100.0
DK,56641100,B2B-DK,2,213.4680135802902,PA2_Manually,Manual Price Change,213.4680135802902,100.0
DK,57608657,B2B-DK,2,0.2249357326478149,PA2_Manually,Manual Price Change,0.2249357326478149,100.0
DK,58264398A,SEC-DK,1,10.721273687314053,PA2_Manually,Manual Price Change,10.721273687314053,100.0
DK,60176933,B2B-DK,1,0.0013402849445932358,PA2_Manually,Manual Price Change,0.0013402849445932358,100.0
DK,60241060,CBE-DK,12,1652.1858112064842,PA2_Manually,Manual Price Change,3122.371089412183,52.91
DK,60241060,MIJ-DK,3,1470.185278205699,PA2_Manually,Manual Price Change,3122.371089412183,47.09
DK,60291010A,IFO-DK,4,1284.9616024797335,PA2_Manually,Manual Price Change,1297.8323055418882,99.01
DK,60291010A,KMA-DK,1,12.870703062154771,PA2_Manually,Manual Price Change,1297.8323055418882,0.99
DK,60651539,MPN-DK,7,177.87589902141687,PA2_Manually,Manual Price Change,177.87589902141687,100.0
DK,60802060A,B2B-DK,1,14.99451093796021,PA2_Manually,Manual Price Change,14.99451093796021,100.0
DK,60894390,B2B-DK,1,7.147261467520977,PA2_Manually,Manual Price Change,7.147261467520977,100.0
DK,61618353,B2B-DK,1,26.519448131611757,PA2_Manually,Manual Price Change,26.519448131611757,100.0
DK,61796060,PAV-DK,1,117.54141424971854,PA2_Manually,Manual Price Change,117.54141424971854,100.0
DK,61799700,MPE-DK,12,887.1335794236584,PA2_Manually,Manual Price Change,887.1335794236584,100.0
DK,62211766,JMU-DK,292,52201.122100710265,PA2_Manually,Manual Price Change,52201.122100710265,100.0
DK,62220000,B2B-DK,3,11.918916023993113,PA2_Manually,Manual Price Change,11.918916023993113,100.0
DK,63113333,B2B-DK,3,352.00480136789594,PA2_Manually,Manual Price Change,380.28708807790196,92.56
DK,63113333,KMA-DK,1,28.282286710006034,PA2_Manually,Manual Price Change,380.28708807790196,7.44
DK,63133030,B2B-DK,2,48.13627953125419,PA2_Manually,Manual Price Change,48.13627953125419,100.0
DK,63550028,B2B-DK,23,1852.2816256335275,PA2_Manually,Manual Price Change,2816.0270777442856,65.78
DK,63550028,SLI-DK,23,963.745452110758,PA2_Manually,Manual Price Change,2816.0270777442856,34.22
DK,65351933A,FRA-DK,2,111.36528685785166,PA2_Manually,Manual Price Change,111.36528685785166,100.0
DK,66140666,BVA-DK,2,334.3931776547903,PA2_Manually,Manual Price Change,334.3931776547903,100.0
DK,70100150B,KMA-DK,1,146.37088666979426,PA2_Manually,Manual Price Change,146.37088666979426,100.0
DK,70101120,KMA-DK,4,1237.6862807588554,PA2_Manually,Manual Price Change,1237.6862807588554,100.0
DK,70105600,SEC-DK,7,344.5616049885427,PA2_Manually,Manual Price Change,344.5616049885427,100.0
DK,70107077,LBN-DK,46,13716.069979002503,PA2_Manually,Manual Price Change,13729.739969353097,99.9
DK,70107077,UWH-DK,1,13.669990350595047,PA2_Manually,Manual Price Change,13729.739969353097,0.1
DK,70124400,KMA-DK,3,-6.414906046926141,PA2_Manually,Manual Price Change,-6.414906046926141,100.0
DK,70131388,B2B-DK,21,2927.130982937242,PA2_Manually,Manual Price Change,2927.130982937242,100.0
DK,70133233,MPE-DK,27,-4005.7749674437155,PA2_Manually,Manual Price Change,-4005.7749674437155,100.0
DK,70137020,JMA-DK,18,2844.943515981465,PA2_Manually,Manual Price Change,9352.53493039994,30.42
DK,70137020,KMA-DK,18,4256.213207940046,PA2_Manually,Manual Price Change,9352.53493039994,45.51
DK,70137020,SLI-DK,26,2251.378206478428,PA2_Manually,Manual Price Change,9352.53493039994,24.07
DK,70200099,LBN-DK,1,13066.863738738739,PA2_Manually,Manual Price Change,13066.863738738739,100.0
DK,70201110,B2B-DK,13,384.1970476653452,PA2_Manually,Manual Price Change,4940.132258540462,7.78
DK,70201110,BVA-DK,21,703.121309820067,PA2_Manually,Manual Price Change,4940.132258540462,14.23
DK,70201110,POS-DK,9,3852.8139010550503,PA2_Manually,Manual Price Change,4940.132258540462,77.99
DK,70201799,CHA-DK,268,83080.09192384977,PA2_Manually,Manual Price Change,83574.30720684968,99.41
DK,70201799,MRR-DK,8,494.2152829999162,PA2_Manually,Manual Price Change,83574.30720684968,0.59
DK,70202555,KMA-DK,70,4746.962054036347,PA2_Manually,Manual Price Change,4746.962054036347,100.0
DK,70202636,SEC-DK,6,312.65931406921493,PA2_Manually,Manual Price Change,312.65931406921493,100.0
DK,70202955A,CHA-DK,18,1436.4233958344596,PA2_Manually,Manual Price Change,1436.4233958344596,100.0
DK,70202999,CHA-DK,67,20114.364680756404,PA2_Manually,Manual Price Change,21357.791815345332,94.18
DK,70202999,MRR-DK,13,1243.4271345889288,PA2_Manually,Manual Price Change,21357.791815345332,5.82
DK,70204939,B2B-DK,1,384.23421010339086,PA2_Manually,Manual Price Change,384.23421010339086,100.0
DK,70205161,KMA-DK,131,6268.440517126269,PA2_Manually,Manual Price Change,6268.440517126269,100.0
DK,70206048,B2B-DK,1,0.0013388852441445066,PA2_Manually,Manual Price Change,0.0013388852441445066,100.0
DK,70207473,CHA-DK,4,701.8565402900872,PA2_Manually,Manual Price Change,770.5817466801376,91.08
DK,70207473,MRR-DK,1,68.72520639005039,PA2_Manually,Manual Price Change,770.5817466801376,8.92
DK,70207678,KMA-DK,3,19.306054593232155,PA2_Manually,Manual Price Change,19.306054593232155,100.0
DK,70207780,MRO-DK,23,326.63473722625173,PA2_Manually,Manual Price Change,599.861822198104,54.45
DK,70207780,SLI-DK,17,273.2270849718523,PA2_Manually,Manual Price Change,599.861822198104,45.55
DK,70208044A,B2B-DK,1,0.013404107018390149,PA2_Manually,Manual Price Change,0.013404107018390149,100.0
DK,70208666A,CBE-DK,35,1417.3879970052499,PA2_Manually,Manual Price Change,2155.0019318812897,65.77
DK,70208666A,MPN-DK,15,737.6139348760397,PA2_Manually,Manual Price Change,2155.0019318812897,34.23
DK,70208880,SEC-DK,1,10.050789992093378,PA2_Manually,Manual Price Change,10.050789992093378,100.0
DK,70220150,JMU-DK,136,5464.82640330775,PA2_Manually,Manual Price Change,5464.82640330775,100.0
DK,70220302,MIJ-DK,7,116.30768405956381,PA2_Manually,Manual Price Change,116.30768405956381,100.0
DK,70222111,JMA-DK,1,323.0132361609775,PA2_Manually,Manual Price Change,323.0132361609775,100.0
DK,70222118B,FRA-DK,4,1951.840045116891,PA2_Manually,Manual Price Change,1951.840045116891,100.0
DK,70222337,SEC-DK,11,1281.9723475164965,PA2_Manually,Manual Price Change,1281.9723475164965,100.0
DK,70222555,B2B-DK,19,1139.726189113393,PA2_Manually,Manual Price Change,1139.726189113393,100.0
DK,70222999,DKR-DK,2,102.25414779275778,PA2_Manually,Manual Price Change,102.25414779275778,100.0
DK,70223360,AHE-DK,11,1240.9730551649332,PA2_Manually,Manual Price Change,1496.563612679109,82.92
DK,70223360,B2B-DK,1,255.5905575141758,PA2_Manually,Manual Price Change,1496.563612679109,17.08
DK,70223545,KMA-DK,13,36.79831385825139,PA2_Manually,Manual Price Change,36.79831385825139,100.0
DK,70225265,MPN-DK,2,19.457194335086086,PA2_Manually,Manual Price Change,19.457194335086086,100.0
DK,70230310,MPN-DK,10,1217.0097070822549,PA2_Manually,Manual Price Change,1217.0097070822549,100.0
DK,70230522,MPE-DK,49,19171.935392775293,PA2_Manually,Manual Price Change,19171.935392775293,100.0
DK,70231133,JMA-DK,1,141.5910218420241,PA2_Manually,Manual Price Change,141.5910218420241,100.0
DK,70232390A,MPE-DK,7,-2385.9564916340037,PA2_Manually,Manual Price Change,-2385.9564916340037,100.0
DK,70234949,LBN-DK,70,9657.81588490721,PA2_Manually,Manual Price Change,10835.493041898715,89.13
DK,70234949,SGL-DK,4,1177.6771569915047,PA2_Manually,Manual Price Change,10835.493041898715,10.87
DK,70239050,MPN-DK,45,2886.563899726779,PA2_Manually,Manual Price Change,2886.563899726779,100.0
DK,70239232A,MPE-DK,2,125.48388679689432,PA2_Manually,Manual Price Change,125.48388679689432,100.0
DK,70250580,AHE-DK,14,7628.224812946401,PA2_Manually,Manual Price Change,14596.584577824231,52.26
DK,70250580,B2B-DK,15,5793.918188985191,PA2_Manually,Manual Price Change,14596.584577824231,39.69
DK,70250580,DKR-DK,6,1174.4415758926393,PA2_Manually,Manual Price Change,14596.584577824231,8.05
DK,70252425,B2B-DK,1,59.513437437169095,PA2_Manually,Manual Price Change,493.81755662609214,12.05
DK,70252425,DKR-DK,3,61.76044822132268,PA2_Manually,Manual Price Change,493.81755662609214,12.51
DK,70252425,IFO-DK,2,372.54367096760035,PA2_Manually,Manual Price Change,493.81755662609214,75.44
DK,70252510,MPN-DK,366,190891.4679162464,PA2_Manually,Manual Price Change,190891.4679162464,100.0
DK,70252586B,CBE-DK,114,117654.43098765488,PA2_Manually,Manual Price Change,117654.43098765488,100.0
DK,70262690,SEC-DK,1,0.0013398360040718829,PA2_Manually,Manual Price Change,0.0013398360040718829,100.0
DK,70262827,B2B-DK,21,149.53229972268946,PA2_Manually,Manual Price Change,149.53229972268946,100.0
DK,70262988,MRO-DK,10,6181.1468167870025,PA2_Manually,Manual Price Change,12223.553538790813,50.57
DK,70262988,SLI-DK,2,6042.406722003811,PA2_Manually,Manual Price Change,12223.553538790813,49.43
DK,70264476,DKR-DK,1,42.53516216832257,PA2_Manually,Manual Price Change,42.53516216832257,100.0
DK,70265858A,UWH-DK,3,12.803478041941931,PA2_Manually,Manual Price Change,12.803478041941931,100.0
DK,70271822,RET-DK,4,251.33399461822876,PA2_Manually,Manual Price Change,251.33399461822876,100.0
DK,70273333,DKR-DK,1,35.915785523794206,PA2_Manually,Manual Price Change,35.915785523794206,100.0
DK,70277722,B2B-DK,1,6.680520176967422,PA2_Manually,Manual Price Change,6.680520176967422,100.0
DK,70300330,DKR-DK,4,201.15502496085233,PA2_Manually,Manual Price Change,697.8229879457266,28.83
DK,70300330,MRO-DK,2,116.41626796937305,PA2_Manually,Manual Price Change,697.8229879457266,16.68
DK,70300330,SLI-DK,40,380.2516950155012,PA2_Manually,Manual Price Change,697.8229879457266,54.49
DK,70601574,B2B-DK,1,72.65428127178167,PA2_Manually,Manual Price Change,72.65428127178167,100.0
DK,70702501,SEC-DK,3,99.76065235185392,PA2_Manually,Manual Price Change,99.76065235185392,100.0
DK,71151975,DKR-DK,4,-9.651992098608096,PA2_Manually,Manual Price Change,-9.651992098608096,100.0
DK,71745745,B2B-DK,3,-1828.6366596842092,PA2_Manually,Manual Price Change,-1828.6366596842092,100.0
DK,71992319,IFO-DK,28,2847.387350495423,PA2_Manually,Manual Price Change,2847.387350495423,100.0
DK,71996868,KMA-DK,5,6.165217455581746,PA2_Manually,Manual Price Change,6.165217455581746,100.0
DK,71998999,KMA-DK,67,16542.318121383454,PA2_Manually,Manual Price Change,16542.318121383454,100.0
DK,72170150,MPN-DK,142,23988.828116616336,PA2_Manually,Manual Price Change,23988.828116616336,100.0
DK,72170194,CHA-DK,1,148.6963970233953,PA2_Manually,Manual Price Change,148.6963970233953,100.0
DK,72183360,KMA-DK,3,533.5174252269095,PA2_Manually,Manual Price Change,533.5174252269095,100.0
DK,72200323,SEC-DK,1,353.83048303222,PA2_Manually,Manual Price Change,353.83048303222,100.0
DK,72220211,FRA-DK,2,248.69487999183264,PA2_Manually,Manual Price Change,248.69487999183264,100.0
DK,72667015,LBN-DK,1,495.65531738274717,PA2_Manually,Manual Price Change,495.65531738274717,100.0
DK,73709295,MPE-DK,2,137.38977381462618,PA2_Manually,Manual Price Change,213.39231497114196,64.38
DK,73709295,RET-DK,3,76.00254115651578,PA2_Manually,Manual Price Change,213.39231497114196,35.62
DK,74123200,CBE-DK,123,18277.612153527563,PA2_Manually,Manual Price Change,18277.612153527563,100.0
DK,74561340,MPE-DK,16,4221.556115414238,PA2_Manually,Manual Price Change,4221.556115414238,100.0
DK,75119191,CHA-DK,14,1004.8548375389789,PA2_Manually,Manual Price Change,1004.8548375389789,100.0
DK,75381414,CHA-DK,36,921.9532052245763,PA2_Manually,Manual Price Change,921.9532052245763,100.0
DK,75502035,JMA-DK,96,984.7330711259181,PA2_Manually,Manual Price Change,984.7330711259181,100.0
DK,75534480B,B2B-DK,10,1258.3661796703086,PA2_Manually,Manual Price Change,1419.8402165212299,88.63
DK,75534480B,DKR-DK,1,161.47403685092127,PA2_Manually,Manual Price Change,1419.8402165212299,11.37
DK,75624577,CBE-DK,122,18943.980316832465,PA2_Manually,Manual Price Change,18943.980316832465,100.0
DK,75631010,JMA-DK,10,5968.575952049827,PA2_Manually,Manual Price Change,5968.575952049827,100.0
DK,75723211,JMA-DK,2,257.56417990481935,PA2_Manually,Manual Price Change,257.56417990481935,100.0
DK,75859100,MPN-DK,13,958.3607887258197,PA2_Manually,Manual Price Change,958.3607887258197,100.0
DK,75890800,BVA-DK,9,24.572530573998563,PA2_Manually,Manual Price Change,192.00344315843563,12.8
DK,75890800,FRA-DK,57,167.43091258443707,PA2_Manually,Manual Price Change,192.00344315843563,87.2
DK,75921510,PAV-DK,2,132.4301645080534,PA2_Manually,Manual Price Change,132.4301645080534,100.0
DK,76125900,B2B-DK,8,41.399019127098946,PA2_Manually,Manual Price Change,41.399019127098946,100.0
DK,76232323,UWH-DK,8,3051.096749217116,PA2_Manually,Manual Price Change,3051.096749217116,100.0
DK,76244040,LVE-DK,22,24228.327929552444,PA2_Manually,Manual Price Change,41580.99210535312,58.27
DK,76244040,SGL-DK,12,13363.982120241411,PA2_Manually,Manual Price Change,41580.99210535312,32.14
DK,76244040,UWH-DK,10,3988.682055559267,PA2_Manually,Manual Price Change,41580.99210535312,9.59
DK,76245214A,CBE-DK,56,22649.601319330908,PA2_Manually,Manual Price Change,22649.601319330908,100.0
DK,76498300A,FRA-DK,2,45.99610749158309,PA2_Manually,Manual Price Change,45.99610749158309,100.0
DK,76710000,KMA-DK,36,10048.879096747847,PA2_Manually,Manual Price Change,10048.879096747847,100.0
DK,76760260,BVA-DK,1,6.888233717502011,PA2_Manually,Manual Price Change,314.51853442741213,2.19
DK,76760260,POS-DK,4,307.6303007099101,PA2_Manually,Manual Price Change,314.51853442741213,97.81
DK,77348330,B2B-DK,27,2532.5676848323296,PA2_Manually,Manual Price Change,2532.5676848323296,100.0
DK,79140700A,KMA-DK,2,121.8819066401613,PA2_Manually,Manual Price Change,121.8819066401613,100.0
DK,79166666,UWH-DK,3,-45.31901231905604,PA2_Manually,Manual Price Change,-45.31901231905604,100.0
DK,79247924,MPE-DK,14,122.13500720699561,PA2_Manually,Manual Price Change,122.13500720699561,100.0
DK,79420100,MPE-DK,23,4400.846211340418,PA2_Manually,Manual Price Change,4400.846211340418,100.0
DK,81655620,SEC-DK,1,1.876851715308407,PA2_Manually,Manual Price Change,1.876851715308407,100.0
DK,82194444,KMA-DK,13,3140.9039169010516,PA2_Manually,Manual Price Change,3140.9039169010516,100.0
DK,86150955,MRO-DK,1,-46.64191607135677,PA2_Manually,Manual Price Change,68.55086091203347,-68.04
DK,86150955,SLI-DK,4,115.19277698339025,PA2_Manually,Manual Price Change,68.55086091203347,168.04
DK,86442211,BVA-DK,1,8.911620185033941,PA2_Manually,Manual Price Change,7010.792421867831,0.13
DK,86442211,FRA-DK,37,7001.880801682797,PA2_Manually,Manual Price Change,7010.792421867831,99.87
DK,86494171,JMU-DK,2,2220.399448258311,PA2_Manually,Manual Price Change,2220.399448258311,100.0
DK,86988660,B2B-DK,12,6499.125234028777,PA2_Manually,Manual Price Change,8615.769495176373,75.43
DK,86988660,DKR-DK,14,2116.6442611475964,PA2_Manually,Manual Price Change,8615.769495176373,24.57
DK,87459900,MIJ-DK,4,1304.4867154615404,PA2_Manually,Manual Price Change,1304.4867154615404,100.0
DK,87646000A,MPE-DK,145,221100.3488147796,PA2_Manually,Manual Price Change,221100.3488147796,100.0
DK,88700900,JMU-DK,148,31824.01886567003,PA2_Manually,Manual Price Change,31824.01886567003,100.0
DK,88807730,BVA-DK,3,178.0169182996038,PA2_Manually,Manual Price Change,501.8375535413507,35.47
DK,88807730,FRA-DK,8,323.8206352417469,PA2_Manually,Manual Price Change,501.8375535413507,64.53
DK,92154494,JMA-DK,4,148.19020084987469,PA2_Manually,Manual Price Change,148.19020084987469,100.0
DK,96130000,B2B-DK,4,206.48552415188624,PA2_Manually,Manual Price Change,206.48552415188624,100.0
DK,96235050,KMA-DK,3,-0.0263294578379201,PA2_Manually,Manual Price Change,-0.0263294578379201,100.0
DK,96327070,JMA-DK,1,46.35863733905579,PA2_Manually,Manual Price Change,446.77618504923487,10.38
DK,96327070,KMA-DK,1,400.41754771017906,PA2_Manually,Manual Price Change,446.77618504923487,89.62
DK,96338600A,B2B-DK,5,939.1066601945265,PA2_Manually,Manual Price Change,939.1066601945265,100.0
DK,96443315,MPE-DK,3,80.27581961163483,PA2_Manually,Manual Price Change,80.27581961163483,100.0
DK,96630006,JMA-DK,1,131.91232656344258,PA2_Manually,Manual Price Change,131.91232656344258,100.0
DK,96884050,JMA-DK,1,12.331778456919201,PA2_Manually,Manual Price Change,12.331778456919201,100.0
DK,96950000A,DKR-DK,1,14.21602787456446,PA2_Manually,Manual Price Change,14.21602787456446,100.0
DK,97421644,MIJ-DK,2,159.71922680205222,PA2_Manually,Manual Price Change,159.71922680205222,100.0
DK,97514141,JMA-DK,1,9.254567633141646,PA2_Manually,Manual Price Change,9.254567633141646,100.0
DK,97535375,B2B-DK,2,36.32999973188193,PA2_Manually,Manual Price Change,36.32999973188193,100.0
DK,97840444,SEC-DK,2,484.64816848809085,PA2_Manually,Manual Price Change,484.64816848809085,100.0
DK,98109440,JMA-DK,9,216.287118675849,PA2_Manually,Manual Price Change,216.287118675849,100.0
DK,98181777,BVA-DK,2,236.18251928020567,PA2_Manually,Manual Price Change,4386.71936314067,5.38
DK,98181777,FRA-DK,34,4150.536843860465,PA2_Manually,Manual Price Change,4386.71936314067,94.62
DK,98192400A,B2B-DK,2,66.91469714408072,PA2_Manually,Manual Price Change,66.91469714408072,100.0
DK,98213450,JMA-DK,1,46.35863733905579,PA2_Manually,Manual Price Change,46.35863733905579,100.0
DK,98624898,KMA-DK,3,272.8402035797926,PA2_Manually,Manual Price Change,272.8402035797926,100.0
DK,99283311,KMA-DK,3,-8.910125509393488,PA2_Manually,Manual Price Change,-8.910125509393488,100.0
DK,99569956,SEC-DK,1,-2.118189618189616,PA2_Manually,Manual Price Change,-2.118189618189616,100.0
DK,003544251500,SEC-DK,1,1.8769523656303209,MPA_MatchingPreviousSale,Matching Previous Sale,1.8769523656303209,100.0
DK,003544640060,SEC-DK,3,143.85884502903923,MPA_MatchingPreviousSale,Matching Previous Sale,143.85884502903923,100.0
DK,003546630423,UWH-DK,2,16.762166647635105,MPA_MatchingPreviousSale,Matching Previous Sale,16.762166647635105,100.0
DK,1021,PERSONALE,2,280.31569087771356,MPA_MatchingPreviousSale,Matching Previous Sale,280.31569087771356,100.0
DK,1172,PERSONALE,1,3.6376538003240015,MPA_MatchingPreviousSale,Matching Previous Sale,3.6376538003240015,100.0
DK,1199,PERSONALE,1,28.57755558831808,MPA_MatchingPreviousSale,Matching Previous Sale,28.57755558831808,100.0
DK,1244,PERSONALE,1,0.24134186074574596,MPA_MatchingPreviousSale,Matching Previous Sale,0.24134186074574596,100.0
DK,1279,PERSONALE,2,3.4163092087502034,MPA_MatchingPreviousSale,Matching Previous Sale,3.4163092087502034,100.0
DK,20000,SEC-DK,24,49662.03460891384,MPA_MatchingPreviousSale,Matching Previous Sale,49692.03420682836,99.94
DK,20000,UWH-DK,1,29.999597914516627,MPA_MatchingPreviousSale,Matching Previous Sale,49692.03420682836,0.06
DK,20026,SEC-DK,12,359.73634079799,MPA_MatchingPreviousSale,Matching Previous Sale,359.73634079799,100.0
DK,20047,SEC-DK,16,4907.217716042744,MPA_MatchingPreviousSale,Matching Previous Sale,4929.287629714543,99.55
DK,20047,UWH-DK,3,22.06991367179909,MPA_MatchingPreviousSale,Matching Previous Sale,4929.287629714543,0.45
DK,20133560,B2B-DK,1,4.171525850859894,MPA_MatchingPreviousSale,Matching Previous Sale,4.171525850859894,100.0
DK,20261188,B2B-DK,1,12.334258402713537,MPA_MatchingPreviousSale,Matching Previous Sale,12.334258402713537,100.0
DK,20267,MPE-DK,2,56.836440174091194,MPA_MatchingPreviousSale,Matching Previous Sale,56.836440174091194,100.0
DK,20304,SEC-DK,7,161.21622725399826,MPA_MatchingPreviousSale,Matching Previous Sale,161.21622725399826,100.0
DK,20326,SEC-DK,3,138.02544952332414,MPA_MatchingPreviousSale,Matching Previous Sale,138.02544952332414,100.0
DK,20358,B2B-DK,3,2848.676672306658,MPA_MatchingPreviousSale,Matching Previous Sale,3867.9445095322117,73.65
DK,20358,DKR-DK,8,1019.2678372255538,MPA_MatchingPreviousSale,Matching Previous Sale,3867.9445095322117,26.35
DK,20377577,FGI-DK,1,-80.44189413846732,MPA_MatchingPreviousSale,Matching Previous Sale,-80.44189413846732,100.0
DK,20485,UWH-DK,6,463.7544402811081,MPA_MatchingPreviousSale,Matching Previous Sale,463.7544402811081,100.0
DK,20555,SEC-DK,1,30.79436061535166,MPA_MatchingPreviousSale,Matching Previous Sale,30.79436061535166,100.0
DK,20575,MPE-DK,50,10536.719438965218,MPA_MatchingPreviousSale,Matching Previous Sale,10536.719438965218,100.0
DK,20594,B2B-DK,18,2244.4951529520567,MPA_MatchingPreviousSale,Matching Previous Sale,2244.4951529520567,100.0
DK,20598,B2B-DK,1,3.3506225456689855,MPA_MatchingPreviousSale,Matching Previous Sale,3.3506225456689855,100.0
DK,20672,LAPD-DK,1,2065.5006564668683,MPA_MatchingPreviousSale,Matching Previous Sale,34404.1341284749,6.0
DK,20672,MIJ-DK,8,32338.633472008034,MPA_MatchingPreviousSale,Matching Previous Sale,34404.1341284749,94.0
DK,20680,B2B-DK,1,4.953825945931461,MPA_MatchingPreviousSale,Matching Previous Sale,4.953825945931461,100.0
DK,20688,MPN-DK,3,33.509369219633804,MPA_MatchingPreviousSale,Matching Previous Sale,33.509369219633804,100.0
DK,20746692A,CHA-DK,1,9.384887649487853,MPA_MatchingPreviousSale,Matching Previous Sale,9.384887649487853,100.0
DK,20761,B2B-DK,1,37.51188992939726,MPA_MatchingPreviousSale,Matching Previous Sale,37.51188992939726,100.0
DK,20766,BVA-DK,1,3.2136156526400304,MPA_MatchingPreviousSale,Matching Previous Sale,3.2136156526400304,100.0
DK,20798,JMU-DK,2,43.68783284874488,MPA_MatchingPreviousSale,Matching Previous Sale,43.68783284874488,100.0
DK,21248689,DKR-DK,3,0.4169833243231337,MPA_MatchingPreviousSale,Matching Previous Sale,0.4169833243231337,100.0
DK,21871,SEC-DK,7,182.6131199201486,MPA_MatchingPreviousSale,Matching Previous Sale,182.6131199201486,100.0
DK,21875,B2B-DK,1,5.817304470209772,MPA_MatchingPreviousSale,Matching Previous Sale,5.817304470209772,100.0
DK,21886,DKR-DK,2,1279.764693984265,MPA_MatchingPreviousSale,Matching Previous Sale,1279.764693984265,100.0
DK,21946,FRA-DK,1,22.557478964574692,MPA_MatchingPreviousSale,Matching Previous Sale,22.557478964574692,100.0
DK,21947,MIJ-DK,3,108.87923754373269,MPA_MatchingPreviousSale,Matching Previous Sale,108.87923754373269,100.0
DK,21994,B2B-DK,1,81.63779021503363,MPA_MatchingPreviousSale,Matching Previous Sale,81.63779021503363,100.0
DK,22022,BVA-DK,2,153.79357484620644,MPA_MatchingPreviousSale,Matching Previous Sale,153.79357484620644,100.0
DK,22034,SEC-DK,1,723.8462362137274,MPA_MatchingPreviousSale,Matching Previous Sale,723.8462362137274,100.0
DK,22036,B2B-DK,1,0.001338903170522708,MPA_MatchingPreviousSale,Matching Previous Sale,0.001338903170522708,100.0
DK,22045,FGI-DK,8,1877.56511012305,MPA_MatchingPreviousSale,Matching Previous Sale,1877.56511012305,100.0
DK,22051,FGI-DK,5,-42.051707025249925,MPA_MatchingPreviousSale,Matching Previous Sale,-38.07665482759486,110.44
DK,22051,SEC-DK,1,3.9750521976550663,MPA_MatchingPreviousSale,Matching Previous Sale,-38.07665482759486,-10.44
DK,22058,B2B-DK,12,785.9670759826264,MPA_MatchingPreviousSale,Matching Previous Sale,785.9670759826264,100.0
DK,22059,MIJ-DK,3,1885.739888079435,MPA_MatchingPreviousSale,Matching Previous Sale,1885.739888079435,100.0
DK,22127,SEC-DK,17,536.9390377173528,MPA_MatchingPreviousSale,Matching Previous Sale,536.9390377173528,100.0
DK,22155,B2B-DK,1,81.37744513917715,MPA_MatchingPreviousSale,Matching Previous Sale,81.37744513917715,100.0
DK,22156,KMA-DK,9,-290.56720449414627,MPA_MatchingPreviousSale,Matching Previous Sale,-290.56720449414627,100.0
DK,22162,B2B-DK,13,-577.7863231454004,MPA_MatchingPreviousSale,Matching Previous Sale,-577.7863231454004,100.0
DK,22202126,B2B-DK,1,71.52802881203895,MPA_MatchingPreviousSale,Matching Previous Sale,71.52802881203895,100.0
DK,22225289,LVE-DK,4,136.03381412770526,MPA_MatchingPreviousSale,Matching Previous Sale,136.03381412770526,100.0
DK,22591,B2B-DK,3,254.50405197240642,MPA_MatchingPreviousSale,Matching Previous Sale,254.50405197240642,100.0
DK,22606014A,CBE-DK,4,286.6976685035505,MPA_MatchingPreviousSale,Matching Previous Sale,286.6976685035505,100.0
DK,22634,B2B-DK,2,210.50373409490098,MPA_MatchingPreviousSale,Matching Previous Sale,210.50373409490098,100.0
DK,22665,UWH-DK,2,14.527468466822773,MPA_MatchingPreviousSale,Matching Previous Sale,14.527468466822773,100.0
DK,22685,B2B-DK,1,260.7054281232824,MPA_MatchingPreviousSale,Matching Previous Sale,260.7054281232824,100.0
DK,22799,B2B-DK,10,625.7192969499074,MPA_MatchingPreviousSale,Matching Previous Sale,625.7192969499074,100.0
DK,22857,B2B-DK,1,13.403208728169524,MPA_MatchingPreviousSale,Matching Previous Sale,13.403208728169524,100.0
DK,22875,B2B-DK,13,5369.5542599276505,MPA_MatchingPreviousSale,Matching Previous Sale,6012.854390307775,89.3
DK,22875,DKR-DK,4,643.3001303801243,MPA_MatchingPreviousSale,Matching Previous Sale,6012.854390307775,10.7
DK,22999067,B2B-DK,4,1364.2281742380276,MPA_MatchingPreviousSale,Matching Previous Sale,1364.2281742380276,100.0
DK,23147,B2B-DK,1,4.29023435405159,MPA_MatchingPreviousSale,Matching Previous Sale,4.29023435405159,100.0
DK,23153,B2B-DK,1,20.343386725237064,MPA_MatchingPreviousSale,Matching Previous Sale,20.343386725237064,100.0
DK,23158,B2B-DK,2,32.17675765538693,MPA_MatchingPreviousSale,Matching Previous Sale,32.17675765538693,100.0
DK,23164,B2B-DK,7,167.27204492755567,MPA_MatchingPreviousSale,Matching Previous Sale,167.27204492755567,100.0
DK,23208809,B2B-DK,1,28.420897403241593,MPA_MatchingPreviousSale,Matching Previous Sale,28.420897403241593,100.0
DK,23239,DKR-DK,7,783.6109120082571,MPA_MatchingPreviousSale,Matching Previous Sale,783.6109120082571,100.0
DK,23329,UWH-DK,5,617.8561140671412,MPA_MatchingPreviousSale,Matching Previous Sale,617.8561140671412,100.0
DK,23345,B2B-DK,5,454.25659771082087,MPA_MatchingPreviousSale,Matching Previous Sale,454.25659771082087,100.0
DK,23500,B2B-DK,11,89313.88609621383,MPA_MatchingPreviousSale,Matching Previous Sale,89313.88609621383,100.0
DK,23502,MRO-DK,4,4369.904037649416,MPA_MatchingPreviousSale,Matching Previous Sale,4369.917440498862,100.0
DK,23502,SLI-DK,1,0.013402849445792175,MPA_MatchingPreviousSale,Matching Previous Sale,4369.917440498862,0.0
DK,23505,SGL-DK,13,2585.789418900051,MPA_MatchingPreviousSale,Matching Previous Sale,2612.047741850629,98.99
DK,23505,UWH-DK,2,26.258322950578087,MPA_MatchingPreviousSale,Matching Previous Sale,2612.047741850629,1.01
DK,23527,B2B-DK,1,342.6824690298707,MPA_MatchingPreviousSale,Matching Previous Sale,342.6824690298707,100.0
DK,23597,UWH-DK,3,460.54005225664054,MPA_MatchingPreviousSale,Matching Previous Sale,460.54005225664054,100.0
DK,23605,B2B-DK,1,49.59852008740064,MPA_MatchingPreviousSale,Matching Previous Sale,373.52095855136423,13.28
DK,23605,DKR-DK,4,323.9224384639636,MPA_MatchingPreviousSale,Matching Previous Sale,373.52095855136423,86.72
DK,23625,KMA-DK,9,3264.721543441636,MPA_MatchingPreviousSale,Matching Previous Sale,3264.721543441636,100.0
DK,23628,B2B-DK,1,-0.8044189413846732,MPA_MatchingPreviousSale,Matching Previous Sale,-0.8044189413846732,100.0
DK,23631,MPN-DK,3,25.716915053509304,MPA_MatchingPreviousSale,Matching Previous Sale,25.716915053509304,100.0
DK,23695,B2B-DK,1,0.0,MPA_MatchingPreviousSale,Matching Previous Sale,0.0,
DK,23702,IFO-DK,1,-6.96369504372397,MPA_MatchingPreviousSale,Matching Previous Sale,-6.96369504372397,100.0
DK,23706,SEC-DK,2,812.2317596566523,MPA_MatchingPreviousSale,Matching Previous Sale,812.2317596566523,100.0
DK,23711,B2B-DK,2,129.27754615044307,MPA_MatchingPreviousSale,Matching Previous Sale,129.27754615044307,100.0
DK,23723,PERSONALE,1,0.34811482433590407,MPA_MatchingPreviousSale,Matching Previous Sale,0.34811482433590407,100.0
DK,23737,DKR-DK,7,174.5970412908175,MPA_MatchingPreviousSale,Matching Previous Sale,174.5970412908175,100.0
DK,23742,PAV-DK,1,10.08727828500181,MPA_MatchingPreviousSale,Matching Previous Sale,10.08727828500181,100.0
DK,23755,B2B-DK,2,6.435178978415338,MPA_MatchingPreviousSale,Matching Previous Sale,6.435178978415338,100.0
DK,23775,DKR-DK,2,95.35904821703363,MPA_MatchingPreviousSale,Matching Previous Sale,95.35904821703363,100.0
DK,23788,BVA-DK,4,38.277883354299995,MPA_MatchingPreviousSale,Matching Previous Sale,192.4318452426081,19.89
DK,23788,POS-DK,3,154.1539618883081,MPA_MatchingPreviousSale,Matching Previous Sale,192.4318452426081,80.11
DK,23792,FGI-DK,55,-402.7822675730831,MPA_MatchingPreviousSale,Matching Previous Sale,-293.0399426817367,137.45
DK,23792,SEC-DK,6,109.74232489134643,MPA_MatchingPreviousSale,Matching Previous Sale,-293.0399426817367,-37.45
DK,23803,DKR-DK,3,327.9998927772044,MPA_MatchingPreviousSale,Matching Previous Sale,327.9998927772044,100.0
DK,23832,DKR-DK,1,32.188841201716734,MPA_MatchingPreviousSale,Matching Previous Sale,32.188841201716734,100.0
DK,23839,B2B-DK,1,0.0013389390247155965,MPA_MatchingPreviousSale,Matching Previous Sale,0.0013389390247155965,100.0
DK,23843,KMA-DK,3,122.21321388655306,MPA_MatchingPreviousSale,Matching Previous Sale,122.21321388655306,100.0
DK,23882,B2B-DK,3,81.76012210796918,MPA_MatchingPreviousSale,Matching Previous Sale,81.76012210796918,100.0
DK,23883,B2B-DK,2,129.02016943935115,MPA_MatchingPreviousSale,Matching Previous Sale,129.02016943935115,100.0
DK,23911164,IFO-DK,3,88.87075545879888,MPA_MatchingPreviousSale,Matching Previous Sale,88.87075545879888,100.0
DK,23921,DKR-DK,13,631.1652680756647,MPA_MatchingPreviousSale,Matching Previous Sale,631.1652680756647,100.0
DK,23925,B2B-DK,1,10.39013272556643,MPA_MatchingPreviousSale,Matching Previous Sale,10.39013272556643,100.0
DK,23948,B2B-DK,1,281.73768603233714,MPA_MatchingPreviousSale,Matching Previous Sale,281.73768603233714,100.0
DK,23958,B2B-DK,14,0.749484729248599,MPA_MatchingPreviousSale,Matching Previous Sale,0.749484729248599,100.0
DK,23971,LVE-DK,1,27.87157635203945,MPA_MatchingPreviousSale,Matching Previous Sale,27.87157635203945,100.0
DK,23988,MIJ-DK,2,24.90826793797038,MPA_MatchingPreviousSale,Matching Previous Sale,24.90826793797038,100.0
DK,23989,B2B-DK,6,38.33659806443741,MPA_MatchingPreviousSale,Matching Previous Sale,38.33659806443741,100.0
DK,23990,B2B-DK,1,0.020110473534616827,MPA_MatchingPreviousSale,Matching Previous Sale,0.020110473534616827,100.0
DK,24002,B2B-DK,3,254.5040519724064,MPA_MatchingPreviousSale,Matching Previous Sale,254.5040519724064,100.0
DK,24007,JMU-DK,36,4181.153549455901,MPA_MatchingPreviousSale,Matching Previous Sale,4181.153549455901,100.0
DK,24012,MPE-DK,3,2622.0349804200564,MPA_MatchingPreviousSale,Matching Previous Sale,2622.0349804200564,100.0
DK,24133,SEC-DK,6,239.46581056192363,MPA_MatchingPreviousSale,Matching Previous Sale,239.46581056192363,100.0
DK,24228,CBE-DK,1,483.83211092670916,MPA_MatchingPreviousSale,Matching Previous Sale,483.83211092670916,100.0
DK,25376316,B2B-DK,10,479.7939930241394,MPA_MatchingPreviousSale,Matching Previous Sale,493.718473841907,97.18
DK,25376316,DKR-DK,1,18.00824764353042,MPA_MatchingPreviousSale,Matching Previous Sale,493.718473841907,3.65
DK,25376316,ERO-DK,1,-4.083766825762862,MPA_MatchingPreviousSale,Matching Previous Sale,493.718473841907,-0.83
DK,25444662,B2B-DK,2,339.214661790121,MPA_MatchingPreviousSale,Matching Previous Sale,293.0435207607053,115.76
DK,25444662,DKR-DK,1,-46.1711410294157,MPA_MatchingPreviousSale,Matching Previous Sale,293.0435207607053,-15.76
DK,25590190,BVA-DK,2,437.9045349397415,MPA_MatchingPreviousSale,Matching Previous Sale,437.9045349397415,100.0
DK,25940102,B2B-DK,1,49.04982711946179,MPA_MatchingPreviousSale,Matching Previous Sale,49.04982711946179,100.0
DK,26161726,JMU-DK,12,1304.7223714356408,MPA_MatchingPreviousSale,Matching Previous Sale,1304.7223714356408,100.0
DK,26874417,B2B-DK,1,-158.12183421327688,MPA_MatchingPreviousSale,Matching Previous Sale,-158.12183421327688,100.0
DK,27112278,MPE-DK,9,2387.9702625372747,MPA_MatchingPreviousSale,Matching Previous Sale,2387.9702625372747,100.0
DK,27149250,MRO-DK,13,102.52738989758336,MPA_MatchingPreviousSale,Matching Previous Sale,345.48400827295904,29.68
DK,27149250,SLI-DK,9,242.95661837537565,MPA_MatchingPreviousSale,Matching Previous Sale,345.48400827295904,70.32
DK,27288860A,B2B-DK,7,194.65318928408644,MPA_MatchingPreviousSale,Matching Previous Sale,194.65318928408644,100.0
DK,27809800,BVA-DK,1,967.1888179298704,MPA_MatchingPreviousSale,Matching Previous Sale,967.1888179298704,100.0
DK,28294533,B2B-DK,3,254.5688407738893,MPA_MatchingPreviousSale,Matching Previous Sale,254.5688407738893,100.0
DK,298205000,BVA-DK,11,216.762087279746,MPA_MatchingPreviousSale,Matching Previous Sale,216.762087279746,100.0
DK,298205555,UWH-DK,3,901.8598414840687,MPA_MatchingPreviousSale,Matching Previous Sale,901.8598414840687,100.0
DK,298311414,KMA-DK,1,0.013401232913428037,MPA_MatchingPreviousSale,Matching Previous Sale,0.013401232913428037,100.0
DK,298344000,MPN-DK,18,342.98904089419386,MPA_MatchingPreviousSale,Matching Previous Sale,342.98904089419386,100.0
DK,298505057,UWH-DK,1,20.198715456093552,MPA_MatchingPreviousSale,Matching Previous Sale,20.198715456093552,100.0
DK,298550055,UWH-DK,1,26.803184218285132,MPA_MatchingPreviousSale,Matching Previous Sale,26.803184218285132,100.0
DK,29861033,PAV-DK,1,8.495549120549121,MPA_MatchingPreviousSale,Matching Previous Sale,8.495549120549121,100.0
DK,299322111,B2B-DK,1,245.23745711835335,MPA_MatchingPreviousSale,Matching Previous Sale,245.23745711835335,100.0
DK,299365500,DKR-DK,3,57.085471662178605,MPA_MatchingPreviousSale,Matching Previous Sale,57.085471662178605,100.0
DK,30222727,BVA-DK,1,1562.4690034180019,MPA_MatchingPreviousSale,Matching Previous Sale,1562.4690034180019,100.0
DK,30283773,POS-DK,2,0.044128744089928285,MPA_MatchingPreviousSale,Matching Previous Sale,0.044128744089928285,100.0
DK,30295256,CHA-DK,5,897.5137187645668,MPA_MatchingPreviousSale,Matching Previous Sale,1005.6491847304858,89.25
DK,30295256,MRR-DK,1,108.13546596591898,MPA_MatchingPreviousSale,Matching Previous Sale,1005.6491847304858,10.75
DK,30321889,CBE-DK,1,4.022040783493544,MPA_MatchingPreviousSale,Matching Previous Sale,4.022040783493544,100.0
DK,30503450,B2B-DK,1,0.0,MPA_MatchingPreviousSale,Matching Previous Sale,0.0,
DK,31228313,ERO-DK,2,27.4023035313016,MPA_MatchingPreviousSale,Matching Previous Sale,27.4023035313016,100.0
DK,31421010,SEC-DK,1,30.00951194351781,MPA_MatchingPreviousSale,Matching Previous Sale,30.00951194351781,100.0
DK,31502451,B2B-DK,2,0.04154691152117977,MPA_MatchingPreviousSale,Matching Previous Sale,0.04154691152117977,100.0
DK,31511273,B2B-DK,1,134.050054290272,MPA_MatchingPreviousSale,Matching Previous Sale,134.050054290272,100.0
DK,31700729,MIJ-DK,1,203.56176131643133,MPA_MatchingPreviousSale,Matching Previous Sale,203.56176131643133,100.0
DK,32110555,LVE-DK,10,2046.1694664519073,MPA_MatchingPreviousSale,Matching Previous Sale,2046.1694664519073,100.0
DK,33121212,LVE-DK,3,185.50289915234953,MPA_MatchingPreviousSale,Matching Previous Sale,202.76827738458894,91.49
DK,33121212,SEC-DK,1,17.265378232239414,MPA_MatchingPreviousSale,Matching Previous Sale,202.76827738458894,8.51
DK,33230099,B2B-DK,4,483.5620849847355,MPA_MatchingPreviousSale,Matching Previous Sale,483.5620849847355,100.0
DK,33363738A,JMU-DK,2,0.0,MPA_MatchingPreviousSale,Matching Previous Sale,0.0,
DK,33366304,B2B-DK,4,8.404034873478446,MPA_MatchingPreviousSale,Matching Previous Sale,8.404034873478446,100.0
DK,33601990,MIJ-DK,1,1496.401720741366,MPA_MatchingPreviousSale,Matching Previous Sale,1496.401720741366,100.0
DK,33863900,SEC-DK,4,25.857817577600628,MPA_MatchingPreviousSale,Matching Previous Sale,25.857817577600628,100.0
DK,33912091,IFO-DK,1,60.24758179041288,MPA_MatchingPreviousSale,Matching Previous Sale,153.37030169607831,39.28
DK,33912091,KMA-DK,2,93.12271990566543,MPA_MatchingPreviousSale,Matching Previous Sale,153.37030169607831,60.72
DK,35255070,SLI-DK,1,9.482261804243231,MPA_MatchingPreviousSale,Matching Previous Sale,9.482261804243231,100.0
DK,3544409000,KMA-DK,8,190.70576256613808,MPA_MatchingPreviousSale,Matching Previous Sale,190.70576256613808,100.0
DK,3545302474,UWH-DK,6,395.25000083069693,MPA_MatchingPreviousSale,Matching Previous Sale,395.25000083069693,100.0
DK,3545444222,UWH-DK,7,250.6411290950104,MPA_MatchingPreviousSale,Matching Previous Sale,250.6411290950104,100.0
DK,3548970713,SEC-DK,3,188.89842440496145,MPA_MatchingPreviousSale,Matching Previous Sale,188.89842440496145,100.0
DK,38146105,DKR-DK,1,57.81894105680176,MPA_MatchingPreviousSale,Matching Previous Sale,87.38356380583299,66.17
DK,38146105,KMA-DK,1,29.56462274903123,MPA_MatchingPreviousSale,Matching Previous Sale,87.38356380583299,33.83
DK,38862861,LVE-DK,2,9.11412443610318,MPA_MatchingPreviousSale,Matching Previous Sale,9.11412443610318,100.0
DK,39484800,KMA-DK,15,1142.3692505700776,MPA_MatchingPreviousSale,Matching Previous Sale,1142.3692505700776,100.0
DK,40186474,DKR-DK,1,26.52626502150235,MPA_MatchingPreviousSale,Matching Previous Sale,26.52626502150235,100.0
DK,40205895,DKR-DK,16,1048.3584219770014,MPA_MatchingPreviousSale,Matching Previous Sale,1048.3584219770014,100.0
DK,40807040,B2B-DK,4,-87.52439905329169,MPA_MatchingPreviousSale,Matching Previous Sale,-87.52439905329169,100.0
DK,40888877,B2B-DK,6,137.8776124622355,MPA_MatchingPreviousSale,Matching Previous Sale,137.8776124622355,100.0
DK,40948222,MPE-DK,1,61.618421228885644,MPA_MatchingPreviousSale,Matching Previous Sale,335.92983213388845,18.34
DK,40948222,SEC-DK,4,274.3114109050028,MPA_MatchingPreviousSale,Matching Previous Sale,335.92983213388845,81.66
DK,40975656,CBE-DK,6,100.96321698754527,MPA_MatchingPreviousSale,Matching Previous Sale,100.96321698754527,100.0
DK,41333435,ERO-DK,1,86.04298797248555,MPA_MatchingPreviousSale,Matching Previous Sale,86.04298797248555,100.0
DK,42433411,BVA-DK,2,35.552605465711906,MPA_MatchingPreviousSale,Matching Previous Sale,35.552605465711906,100.0
DK,42488000,B2B-DK,4,79.61841470603999,MPA_MatchingPreviousSale,Matching Previous Sale,79.61841470603999,100.0
DK,42601200,SEC-DK,1,447.90717616163784,MPA_MatchingPreviousSale,Matching Previous Sale,447.90717616163784,100.0
DK,43204700,BVA-DK,22,3897.178283256497,MPA_MatchingPreviousSale,Matching Previous Sale,8553.667318822514,45.56
DK,43204700,FRA-DK,47,4656.489035566018,MPA_MatchingPreviousSale,Matching Previous Sale,8553.667318822514,54.44
DK,43221100,SGL-DK,6,370.4541383378922,MPA_MatchingPreviousSale,Matching Previous Sale,370.4541383378922,100.0
DK,43424800,POS-DK,3,187.9668508517404,MPA_MatchingPreviousSale,Matching Previous Sale,187.9668508517404,100.0
DK,43434388A,LBN-DK,3,0.0,MPA_MatchingPreviousSale,Matching Previous Sale,0.0,
DK,43434388A,LVE-DK,48,0.0,MPA_MatchingPreviousSale,Matching Previous Sale,0.0,
DK,43434388A,SGL-DK,9,0.0,MPA_MatchingPreviousSale,Matching Previous Sale,0.0,
DK,43558888,B2B-DK,1,2652.657684831423,MPA_MatchingPreviousSale,Matching Previous Sale,2652.657684831423,100.0
DK,43666768,CBE-DK,3,242.06473066271104,MPA_MatchingPreviousSale,Matching Previous Sale,242.06473066271104,100.0
DK,43668888,LBN-DK,3,140.67837356408847,MPA_MatchingPreviousSale,Matching Previous Sale,140.67837356408847,100.0
DK,43692725A,CBE-DK,3,50.35287185461947,MPA_MatchingPreviousSale,Matching Previous Sale,50.35287185461947,100.0
DK,43865000,LBN-DK,6,-84.34460903868603,MPA_MatchingPreviousSale,Matching Previous Sale,-84.34460903868603,100.0
DK,44525100,IFO-DK,1,20.45810939405722,MPA_MatchingPreviousSale,Matching Previous Sale,20.45810939405722,100.0
DK,44579300,SGL-DK,1,23.801865551624367,MPA_MatchingPreviousSale,Matching Previous Sale,23.801865551624367,100.0
DK,44774477,MPE-DK,9,1779.9294840149107,MPA_MatchingPreviousSale,Matching Previous Sale,1779.9294840149107,100.0
DK,44778910,DKR-DK,1,11.743576684403104,MPA_MatchingPreviousSale,Matching Previous Sale,11.743576684403104,100.0
DK,44835000,AHE-DK,624,156384.7546372502,MPA_MatchingPreviousSale,Matching Previous Sale,156384.7546372502,100.0
DK,44841444A,SEC-DK,5,28.38708251660745,MPA_MatchingPreviousSale,Matching Previous Sale,28.38708251660745,100.0
DK,44894489,MIJ-DK,2,2.0005363398372564,MPA_MatchingPreviousSale,Matching Previous Sale,2.0005363398372564,100.0
DK,44951095,FGI-DK,2,22.39995712926869,MPA_MatchingPreviousSale,Matching Previous Sale,22.39995712926869,100.0
DK,44953837,B2B-DK,5,45.14875551879286,MPA_MatchingPreviousSale,Matching Previous Sale,45.14875551879286,100.0
DK,45161655,B2B-DK,2,19.307866628706215,MPA_MatchingPreviousSale,Matching Previous Sale,19.307866628706215,100.0
DK,45169200A,DKR-DK,1,4545.446264718096,MPA_MatchingPreviousSale,Matching Previous Sale,4545.446264718096,100.0
DK,45281222,DKR-DK,1,191.13047436704196,MPA_MatchingPreviousSale,Matching Previous Sale,191.13047436704196,100.0
DK,4546790200,FGI-DK,32,1068.0134068398715,MPA_MatchingPreviousSale,Matching Previous Sale,-1699.5380018074875,-62.84
DK,4546790200,LBN-DK,26,-2767.551408647359,MPA_MatchingPreviousSale,Matching Previous Sale,-1699.5380018074875,162.84
DK,4570230903,SEC-DK,1,19.27994751569843,MPA_MatchingPreviousSale,Matching Previous Sale,19.27994751569843,100.0
DK,45869500A,JMU-DK,212,66665.13295011735,MPA_MatchingPreviousSale,Matching Previous Sale,66665.13295011735,100.0
DK,45893210,MIJ-DK,1,6.971163514002654,MPA_MatchingPreviousSale,Matching Previous Sale,6.971163514002654,100.0
DK,46195100,CHA-DK,7,68.14957573810862,MPA_MatchingPreviousSale,Matching Previous Sale,68.14957573810862,100.0
DK,46350883,RET-DK,1,0.013405724244252296,MPA_MatchingPreviousSale,Matching Previous Sale,0.013405724244252296,100.0
DK,46381911,DKR-DK,8,304.48999859729446,MPA_MatchingPreviousSale,Matching Previous Sale,304.48999859729446,100.0
DK,4767927000,MHO-DK,1,328.22296382667906,MPA_MatchingPreviousSale,Matching Previous Sale,328.22296382667906,100.0
DK,48108000,B2B-DK,1,135.0084380273767,MPA_MatchingPreviousSale,Matching Previous Sale,135.0084380273767,100.0
DK,48133133,JMU-DK,2,250.7409702185446,MPA_MatchingPreviousSale,Matching Previous Sale,250.7409702185446,100.0
DK,49708077,DKR-DK,16,4005.92806177155,MPA_MatchingPreviousSale,Matching Previous Sale,4005.92806177155,100.0
DK,50806132,DKR-DK,2,137.5434978251993,MPA_MatchingPreviousSale,Matching Previous Sale,137.5434978251993,100.0
DK,51800180,DKR-DK,21,22362.78277865353,MPA_MatchingPreviousSale,Matching Previous Sale,22362.78277865353,100.0
DK,52515329E,DKR-DK,5,357.6719151670951,MPA_MatchingPreviousSale,Matching Previous Sale,421.37079319822067,84.88
DK,52515329E,ERO-DK,1,63.69887803112558,MPA_MatchingPreviousSale,Matching Previous Sale,421.37079319822067,15.12
DK,53549474A,SGL-DK,5,1629.8261780486228,MPA_MatchingPreviousSale,Matching Previous Sale,1629.8261780486228,100.0
DK,55774030,CBE-DK,24,1153.407948528919,MPA_MatchingPreviousSale,Matching Previous Sale,1153.407948528919,100.0
DK,56361463,DKR-DK,6,155.79470082649013,MPA_MatchingPreviousSale,Matching Previous Sale,155.79470082649013,100.0
DK,57608657,B2B-DK,1,0.13924592973436162,MPA_MatchingPreviousSale,Matching Previous Sale,0.13924592973436162,100.0
DK,58506151,RET-DK,7,468.29961522476503,MPA_MatchingPreviousSale,Matching Previous Sale,468.29961522476503,100.0
DK,60241060,CBE-DK,1,5.228416880891198,MPA_MatchingPreviousSale,Matching Previous Sale,5.228416880891198,100.0
DK,60802060A,B2B-DK,1,16.988696549967155,MPA_MatchingPreviousSale,Matching Previous Sale,16.988696549967155,100.0
DK,61617171,ERO-DK,1,132.64165359713678,MPA_MatchingPreviousSale,Matching Previous Sale,132.64165359713678,100.0
DK,61669332,PAV-DK,2,-243.75517309732362,MPA_MatchingPreviousSale,Matching Previous Sale,-243.75517309732362,100.0
DK,61799700,MPE-DK,13,1740.0023767914245,MPA_MatchingPreviousSale,Matching Previous Sale,1740.0023767914245,100.0
DK,62211766,JMU-DK,209,34500.04324506917,MPA_MatchingPreviousSale,Matching Previous Sale,34500.04324506917,100.0
DK,63550028,B2B-DK,22,4984.199593339507,MPA_MatchingPreviousSale,Matching Previous Sale,5285.8090301370685,94.29
DK,63550028,SLI-DK,13,301.6094367975611,MPA_MatchingPreviousSale,Matching Previous Sale,5285.8090301370685,5.71
DK,65351933A,FRA-DK,1,60.90622695891169,MPA_MatchingPreviousSale,Matching Previous Sale,60.90622695891169,100.0
DK,66111011,BVA-DK,1,234.21397789020048,MPA_MatchingPreviousSale,Matching Previous Sale,689.4669431253818,33.97
DK,66111011,FRA-DK,6,455.25296523518136,MPA_MatchingPreviousSale,Matching Previous Sale,689.4669431253818,66.03
DK,66140666,BVA-DK,1,-0.7292127451374644,MPA_MatchingPreviousSale,Matching Previous Sale,-0.7292127451374644,100.0
DK,70101120,KMA-DK,5,1282.016431721405,MPA_MatchingPreviousSale,Matching Previous Sale,1282.016431721405,100.0
DK,70107077,LBN-DK,23,1733.5561883103037,MPA_MatchingPreviousSale,Matching Previous Sale,1733.5561883103037,100.0
DK,70124400,KMA-DK,2,5.115478158490269,MPA_MatchingPreviousSale,Matching Previous Sale,5.115478158490269,100.0
DK,70131388,B2B-DK,8,257.5009345318447,MPA_MatchingPreviousSale,Matching Previous Sale,266.1250213892939,96.76
DK,70131388,ERO-DK,1,8.624086857449234,MPA_MatchingPreviousSale,Matching Previous Sale,266.1250213892939,3.24
DK,70133233,MPE-DK,16,1978.3693526778286,MPA_MatchingPreviousSale,Matching Previous Sale,1978.3693526778286,100.0
DK,70137020,JMA-DK,11,-842.9523866602907,MPA_MatchingPreviousSale,Matching Previous Sale,18235.42526387291,-4.62
DK,70137020,KMA-DK,17,41.07684143820295,MPA_MatchingPreviousSale,Matching Previous Sale,18235.42526387291,0.23
DK,70137020,SLI-DK,40,19037.300809094995,MPA_MatchingPreviousSale,Matching Previous Sale,18235.42526387291,104.4
DK,70201110,BVA-DK,1,12.99223683681266,MPA_MatchingPreviousSale,Matching Previous Sale,12.99223683681266,100.0
DK,70201799,CHA-DK,75,48267.012084054426,MPA_MatchingPreviousSale,Matching Previous Sale,48589.53804742452,99.34
DK,70201799,MRR-DK,5,322.5259633700924,MPA_MatchingPreviousSale,Matching Previous Sale,48589.53804742452,0.66
DK,70202555,KMA-DK,49,28548.64169654072,MPA_MatchingPreviousSale,Matching Previous Sale,28548.64169654072,100.0
DK,70202955A,CHA-DK,2,74.43602975671871,MPA_MatchingPreviousSale,Matching Previous Sale,74.43602975671871,100.0
DK,70202999,CHA-DK,15,834.0917374979762,MPA_MatchingPreviousSale,Matching Previous Sale,939.328076753759,88.8
DK,70202999,MRR-DK,1,105.23633925578277,MPA_MatchingPreviousSale,Matching Previous Sale,939.328076753759,11.2
DK,70204939,B2B-DK,5,1923.6960268383157,MPA_MatchingPreviousSale,Matching Previous Sale,1923.6960268383157,100.0
DK,70205161,KMA-DK,47,1642.304067240548,MPA_MatchingPreviousSale,Matching Previous Sale,1642.304067240548,100.0
DK,70207401,B2B-DK,1,451.7744463646961,MPA_MatchingPreviousSale,Matching Previous Sale,451.7744463646961,100.0
DK,70207473,CHA-DK,28,429.1508248095384,MPA_MatchingPreviousSale,Matching Previous Sale,468.32572396344386,91.64
DK,70207473,MRR-DK,5,39.17489915390547,MPA_MatchingPreviousSale,Matching Previous Sale,468.32572396344386,8.36
DK,70207678,KMA-DK,2,12.870703062154771,MPA_MatchingPreviousSale,Matching Previous Sale,12.870703062154771,100.0
DK,70207780,MRO-DK,2,12.438103905141727,MPA_MatchingPreviousSale,Matching Previous Sale,11994.204540550036,0.1
DK,70207780,SLI-DK,14,11981.766436644893,MPA_MatchingPreviousSale,Matching Previous Sale,11994.204540550036,99.9
DK,70208666A,CBE-DK,8,375.7213571797257,MPA_MatchingPreviousSale,Matching Previous Sale,929.1600550408357,40.44
DK,70208666A,MPN-DK,9,553.43869786111,MPA_MatchingPreviousSale,Matching Previous Sale,929.1600550408357,59.56
DK,70220150,JMU-DK,98,4108.0669860839325,MPA_MatchingPreviousSale,Matching Previous Sale,4108.0669860839325,100.0
DK,70222111,JMA-DK,2,51.41525854912567,MPA_MatchingPreviousSale,Matching Previous Sale,51.41525854912567,100.0
DK,70222118B,BVA-DK,2,106.27793688605777,MPA_MatchingPreviousSale,Matching Previous Sale,304.7417014878785,34.87
DK,70222118B,FRA-DK,6,198.46376460182074,MPA_MatchingPreviousSale,Matching Previous Sale,304.7417014878785,65.13
DK,70222180,B2B-DK,1,-38.06511278800145,MPA_MatchingPreviousSale,Matching Previous Sale,-38.06511278800145,100.0
DK,70222337,SEC-DK,4,705.0981756856236,MPA_MatchingPreviousSale,Matching Previous Sale,705.0981756856236,100.0
DK,70222505,KMA-DK,1,10.640608034744835,MPA_MatchingPreviousSale,Matching Previous Sale,10.640608034744835,100.0
DK,70222555,B2B-DK,3,470.59122418531206,MPA_MatchingPreviousSale,Matching Previous Sale,470.59122418531206,100.0
DK,70223360,AHE-DK,5,362.27997358786916,MPA_MatchingPreviousSale,Matching Previous Sale,506.7994931073887,71.48
DK,70223360,B2B-DK,1,144.51951951951952,MPA_MatchingPreviousSale,Matching Previous Sale,506.7994931073887,28.52
DK,70223545,KMA-DK,1,9.913325384811179,MPA_MatchingPreviousSale,Matching Previous Sale,9.913325384811179,100.0
DK,70230310,MPN-DK,11,3194.0854377741152,MPA_MatchingPreviousSale,Matching Previous Sale,3194.0854377741152,100.0
DK,70230522,MPE-DK,21,8930.162841416797,MPA_MatchingPreviousSale,Matching Previous Sale,8930.162841416797,100.0
DK,70232390A,MPE-DK,5,1855.0574996263617,MPA_MatchingPreviousSale,Matching Previous Sale,1855.0574996263617,100.0
DK,70234949,LBN-DK,10,-1284.1317389133949,MPA_MatchingPreviousSale,Matching Previous Sale,-1284.1317389133949,100.0
DK,70239050,MPN-DK,6,140.4415842807709,MPA_MatchingPreviousSale,Matching Previous Sale,140.4415842807709,100.0
DK,70239232A,MPE-DK,5,194.51648853338497,MPA_MatchingPreviousSale,Matching Previous Sale,194.51648853338497,100.0
DK,70239239,B2B-DK,1,124.46133668799015,MPA_MatchingPreviousSale,Matching Previous Sale,124.46133668799015,100.0
DK,70250760,B2B-DK,3,4483.989057528627,MPA_MatchingPreviousSale,Matching Previous Sale,9927.610368498928,45.17
DK,70250760,DKR-DK,2,5443.6213109703,MPA_MatchingPreviousSale,Matching Previous Sale,9927.610368498928,54.83
DK,70252425,DKR-DK,1,33.831059164142296,MPA_MatchingPreviousSale,Matching Previous Sale,33.831059164142296,100.0
DK,70252510,MPN-DK,143,32705.732892902615,MPA_MatchingPreviousSale,Matching Previous Sale,32705.732892902615,100.0
DK,70252586B,CBE-DK,31,10816.05852938788,MPA_MatchingPreviousSale,Matching Previous Sale,10816.05852938788,100.0
DK,70260265,SEC-DK,2,144.82106400311778,MPA_MatchingPreviousSale,Matching Previous Sale,144.82106400311778,100.0
DK,70262988,MRO-DK,33,11466.94974049088,MPA_MatchingPreviousSale,Matching Previous Sale,11506.94917281896,99.65
DK,70262988,SLI-DK,3,39.99943232808146,MPA_MatchingPreviousSale,Matching Previous Sale,11506.94917281896,0.35
DK,70264476,B2B-DK,1,0.0,MPA_MatchingPreviousSale,Matching Previous Sale,0.0,
DK,70265858A,LVE-DK,1,24.79549075524494,MPA_MatchingPreviousSale,Matching Previous Sale,24.79549075524494,100.0
DK,70271822,B2B-DK,3,147.49106102607362,MPA_MatchingPreviousSale,Matching Previous Sale,147.49106102607362,100.0
DK,70277722,B2B-DK,1,-214.8917632866426,MPA_MatchingPreviousSale,Matching Previous Sale,-214.8917632866426,100.0
DK,70300330,DKR-DK,3,533.1138321903582,MPA_MatchingPreviousSale,Matching Previous Sale,583.8834133078248,91.3
DK,70300330,MRO-DK,1,50.769581117466615,MPA_MatchingPreviousSale,Matching Previous Sale,583.8834133078248,8.7
DK,70500606,BVA-DK,1,223.31627046873749,MPA_MatchingPreviousSale,Matching Previous Sale,440.94455073053643,50.64
DK,70500606,POS-DK,2,217.62828026179898,MPA_MatchingPreviousSale,Matching Previous Sale,440.94455073053643,49.36
DK,70702123A,MPE-DK,1,24.668847535796644,MPA_MatchingPreviousSale,Matching Previous Sale,24.668847535796644,100.0
DK,71745745,B2B-DK,1,18.75343254792172,MPA_MatchingPreviousSale,Matching Previous Sale,18.75343254792172,100.0
DK,71992319,IFO-DK,20,1734.46497728878,MPA_MatchingPreviousSale,Matching Previous Sale,1734.46497728878,100.0
DK,71992520,POS-DK,2,145.23665983414386,MPA_MatchingPreviousSale,Matching Previous Sale,145.23665983414386,100.0
DK,71996868,KMA-DK,4,2.412771604359074,MPA_MatchingPreviousSale,Matching Previous Sale,2.412771604359074,100.0
DK,71998999,KMA-DK,34,12058.19462479173,MPA_MatchingPreviousSale,Matching Previous Sale,12058.19462479173,100.0
DK,72170150,MPN-DK,10,3732.170946243946,MPA_MatchingPreviousSale,Matching Previous Sale,3732.170946243946,100.0
DK,72170194,CHA-DK,2,692.7499523641342,MPA_MatchingPreviousSale,Matching Previous Sale,692.7499523641342,100.0
DK,72183360,KMA-DK,25,5383.8048787009175,MPA_MatchingPreviousSale,Matching Previous Sale,5383.8048787009175,100.0
DK,72212121,B2B-DK,3,26.80785470142752,MPA_MatchingPreviousSale,Matching Previous Sale,26.80785470142752,100.0
DK,72220211,FRA-DK,7,121.13912592872614,MPA_MatchingPreviousSale,Matching Previous Sale,121.13912592872614,100.0
DK,73420555A,B2B-DK,1,22.72447065129992,MPA_MatchingPreviousSale,Matching Previous Sale,22.72447065129992,100.0
DK,73709295,MPE-DK,3,43.424596137824494,MPA_MatchingPreviousSale,Matching Previous Sale,43.424596137824494,100.0
DK,74123200,CBE-DK,24,2892.977323678689,MPA_MatchingPreviousSale,Matching Previous Sale,2892.977323678689,100.0
DK,74561340,MPE-DK,9,3784.7370796327045,MPA_MatchingPreviousSale,Matching Previous Sale,3784.7370796327045,100.0
DK,74783191,LVE-DK,1,0.0,MPA_MatchingPreviousSale,Matching Previous Sale,0.0,
DK,75119191,CHA-DK,1,43.00873573074656,MPA_MatchingPreviousSale,Matching Previous Sale,43.00873573074656,100.0
DK,75245516,CBE-DK,1,2.5277096484526824,MPA_MatchingPreviousSale,Matching Previous Sale,2.5277096484526824,100.0
DK,75381414,CHA-DK,1,81.34775441276987,MPA_MatchingPreviousSale,Matching Previous Sale,81.34775441276987,100.0
DK,75502035,JMA-DK,14,114.68387205706578,MPA_MatchingPreviousSale,Matching Previous Sale,114.68387205706578,100.0
DK,75534480B,B2B-DK,7,986.0288070470664,MPA_MatchingPreviousSale,Matching Previous Sale,986.0288070470664,100.0
DK,75624577,CBE-DK,18,1806.298966363011,MPA_MatchingPreviousSale,Matching Previous Sale,1806.298966363011,100.0
DK,75631010,JMA-DK,5,4595.650813436065,MPA_MatchingPreviousSale,Matching Previous Sale,4595.650813436065,100.0
DK,75642700A,JMA-DK,1,0.013401232913428037,MPA_MatchingPreviousSale,Matching Previous Sale,0.013401232913428037,100.0
DK,75650000,SEC-DK,15,228.32920321636533,MPA_MatchingPreviousSale,Matching Previous Sale,228.32920321636533,100.0
DK,75723211,JMA-DK,1,0.13412017167381973,MPA_MatchingPreviousSale,Matching Previous Sale,0.13412017167381973,100.0
DK,75890800,BVA-DK,5,18.775329835288844,MPA_MatchingPreviousSale,Matching Previous Sale,488.43211030383105,3.84
DK,75890800,FRA-DK,26,469.6567804685422,MPA_MatchingPreviousSale,Matching Previous Sale,488.43211030383105,96.16
DK,75897200A,B2B-DK,1,341.0964965206548,MPA_MatchingPreviousSale,Matching Previous Sale,341.0964965206548,100.0
DK,76123200,B2B-DK,3,1734.8250836924046,MPA_MatchingPreviousSale,Matching Previous Sale,8840.711828013593,19.62
DK,76123200,DKR-DK,2,7105.886744321188,MPA_MatchingPreviousSale,Matching Previous Sale,8840.711828013593,80.38
DK,76232323,UWH-DK,7,4172.246718524411,MPA_MatchingPreviousSale,Matching Previous Sale,4172.246718524411,100.0
DK,76244040,LVE-DK,17,16622.56937034259,MPA_MatchingPreviousSale,Matching Previous Sale,29271.4006634673,56.79
DK,76244040,SGL-DK,8,8660.149237565442,MPA_MatchingPreviousSale,Matching Previous Sale,29271.4006634673,29.59
DK,76244040,UWH-DK,10,3988.682055559267,MPA_MatchingPreviousSale,Matching Previous Sale,29271.4006634673,13.63
DK,76245214A,CBE-DK,6,508.47674279159094,MPA_MatchingPreviousSale,Matching Previous Sale,508.47674279159094,100.0
DK,76498300A,BVA-DK,3,0.0,MPA_MatchingPreviousSale,Matching Previous Sale,0.0,
DK,76498300A,FRA-DK,1,0.0,MPA_MatchingPreviousSale,Matching Previous Sale,0.0,
DK,76710000,KMA-DK,16,802.309589378995,MPA_MatchingPreviousSale,Matching Previous Sale,802.309589378995,100.0
DK,76760260,BVA-DK,26,760.5856898952461,MPA_MatchingPreviousSale,Matching Previous Sale,787.851880434014,96.54
DK,76760260,POS-DK,3,27.266190538767894,MPA_MatchingPreviousSale,Matching Previous Sale,787.851880434014,3.46
DK,76961200,KMA-DK,29,9267.447433755471,MPA_MatchingPreviousSale,Matching Previous Sale,9267.447433755471,100.0
DK,77303000,B2B-DK,16,119849.67600722505,MPA_MatchingPreviousSale,Matching Previous Sale,119849.67600722505,100.0
DK,77343480A,B2B-DK,5,253.3478103510677,MPA_MatchingPreviousSale,Matching Previous Sale,253.3478103510677,100.0
DK,77348330,B2B-DK,6,915.1665153881191,MPA_MatchingPreviousSale,Matching Previous Sale,915.1665153881191,100.0
DK,79140700A,KMA-DK,1,103.60628485628482,MPA_MatchingPreviousSale,Matching Previous Sale,103.60628485628482,100.0
DK,79166666,UWH-DK,15,9820.313860028678,MPA_MatchingPreviousSale,Matching Previous Sale,9820.313860028678,100.0
DK,79247924,MPE-DK,4,28.366403124503666,MPA_MatchingPreviousSale,Matching Previous Sale,28.366403124503666,100.0
DK,79420100,MPE-DK,47,24878.883051821213,MPA_MatchingPreviousSale,Matching Previous Sale,24878.883051821213,100.0
DK,82194444,KMA-DK,12,2501.6229428712795,MPA_MatchingPreviousSale,Matching Previous Sale,2501.6229428712795,100.0
DK,86150955,SLI-DK,2,63.37892124536218,MPA_MatchingPreviousSale,Matching Previous Sale,63.37892124536218,100.0
DK,86211200,B2B-DK,2,47.961630695443645,MPA_MatchingPreviousSale,Matching Previous Sale,47.961630695443645,100.0
DK,86442211,BVA-DK,9,3776.0770336041387,MPA_MatchingPreviousSale,Matching Previous Sale,43389.40073745635,8.7
DK,86442211,FRA-DK,88,39613.32370385221,MPA_MatchingPreviousSale,Matching Previous Sale,43389.40073745635,91.3
DK,86988660,B2B-DK,4,-122.14067605935608,MPA_MatchingPreviousSale,Matching Previous Sale,918.9360010664375,-13.29
DK,86988660,DKR-DK,12,1041.0766771257936,MPA_MatchingPreviousSale,Matching Previous Sale,918.9360010664375,113.29
DK,87425200,LAPD-DK,1,17.130391723879498,MPA_MatchingPreviousSale,Matching Previous Sale,20.78927154375003,82.4
DK,87425200,MIJ-DK,1,3.6588798198705326,MPA_MatchingPreviousSale,Matching Previous Sale,20.78927154375003,17.6
DK,87459900,MIJ-DK,15,21596.263881875162,MPA_MatchingPreviousSale,Matching Previous Sale,21596.263881875162,100.0
DK,87646000A,MPE-DK,78,107542.2063884915,MPA_MatchingPreviousSale,Matching Previous Sale,107542.2063884915,100.0
DK,88700900,JMU-DK,83,10978.408202058532,MPA_MatchingPreviousSale,Matching Previous Sale,10978.408202058532,100.0
DK,88807730,FRA-DK,6,-106.79386564275474,MPA_MatchingPreviousSale,Matching Previous Sale,-106.79386564275474,100.0
DK,89881957,JMU-DK,1,23.071562583757686,MPA_MatchingPreviousSale,Matching Previous Sale,23.071562583757686,100.0
DK,92151151,MPE-DK,5,386.66383530881114,MPA_MatchingPreviousSale,Matching Previous Sale,300.8896226257393,128.51
DK,92151151,SEC-DK,2,-85.7742126830718,MPA_MatchingPreviousSale,Matching Previous Sale,300.8896226257393,-28.51
DK,96130000,B2B-DK,12,364.59709188445515,MPA_MatchingPreviousSale,Matching Previous Sale,810.2643326688727,45.0
DK,96130000,KMA-DK,3,445.6672407844176,MPA_MatchingPreviousSale,Matching Previous Sale,810.2643326688727,55.0
DK,96317790B,ERO-DK,1,353.8968873160138,MPA_MatchingPreviousSale,Matching Previous Sale,353.8968873160138,100.0
DK,96338600A,KMA-DK,3,168201.98240725847,MPA_MatchingPreviousSale,Matching Previous Sale,168201.98240725847,100.0
DK,96443315,MPE-DK,14,38695.00445355848,MPA_MatchingPreviousSale,Matching Previous Sale,38695.00445355848,100.0
DK,96730800,B2B-DK,2,247.7909331044932,MPA_MatchingPreviousSale,Matching Previous Sale,247.7909331044932,100.0
DK,97410034,JMA-DK,2,0.2680569889158435,MPA_MatchingPreviousSale,Matching Previous Sale,0.2680569889158435,100.0
DK,97535375,B2B-DK,1,69.42927508298534,MPA_MatchingPreviousSale,Matching Previous Sale,69.42927508298534,100.0
DK,98109440,JMA-DK,4,113.0419136530694,MPA_MatchingPreviousSale,Matching Previous Sale,113.0419136530694,100.0
DK,98181777,FRA-DK,3,307.4409763402097,MPA_MatchingPreviousSale,Matching Previous Sale,307.4409763402097,100.0
DK,ELB3376,MHO-DK,1,-15.806464576105448,MPA_MatchingPreviousSale,Matching Previous Sale,-15.806464576105448,100.0
DK,003544640060,SEC-DK,1,73.60865369149107,MPA_StaleQuote,Stale Quote,73.60865369149107,100.0
DK,003546630423,UWH-DK,2,654.0024453166641,MPA_StaleQuote,Stale Quote,654.0024453166641,100.0
DK,1280,PERSONALE,2,11.166336209206367,MPA_StaleQuote,Stale Quote,11.166336209206367,100.0
DK,20000,UWH-DK,1,427.4715402459137,MPA_StaleQuote,Stale Quote,427.4715402459137,100.0
DK,20002,PAV-DK,6,107.52506568012448,MPA_StaleQuote,Stale Quote,107.52506568012448,100.0
DK,20047,SEC-DK,11,3330.088626094418,MPA_StaleQuote,Stale Quote,5911.433238143191,56.33
DK,20047,UWH-DK,2,2581.3446120487733,MPA_StaleQuote,Stale Quote,5911.433238143191,43.67
DK,20134,MIJ-DK,1,-368.1674607848385,MPA_StaleQuote,Stale Quote,-368.1674607848385,100.0
DK,20211,PERSONALE,1,-0.13404286690883743,MPA_StaleQuote,Stale Quote,-0.13404286690883743,100.0
DK,20304,SEC-DK,12,303.59014920971134,MPA_StaleQuote,Stale Quote,303.59014920971134,100.0
DK,20326,UWH-DK,1,-148.64286096686124,MPA_StaleQuote,Stale Quote,-148.64286096686124,100.0
DK,20485,UWH-DK,2,17.923190151211017,MPA_StaleQuote,Stale Quote,17.923190151211017,100.0
DK,20555,SEC-DK,1,30.565870792165484,MPA_StaleQuote,Stale Quote,30.565870792165484,100.0
DK,20575,MPE-DK,37,62086.90494019779,MPA_StaleQuote,Stale Quote,62086.90494019779,100.0
DK,20677,MPE-DK,4,599.2229679943198,MPA_StaleQuote,Stale Quote,599.2229679943198,100.0
DK,20685,MIJ-DK,1,58.80400449702883,MPA_StaleQuote,Stale Quote,58.80400449702883,100.0
DK,20741,PERSONALE,1,0.0,MPA_StaleQuote,Stale Quote,0.0,
DK,20770,MPE-DK,1,256.763641238772,MPA_StaleQuote,Stale Quote,256.763641238772,100.0
DK,21961,SEC-DK,6,4967.864277662758,MPA_StaleQuote,Stale Quote,4967.864277662758,100.0
DK,21994,B2B-DK,4,645.2655116086012,MPA_StaleQuote,Stale Quote,645.2655116086012,100.0
DK,22034,SEC-DK,5,460.0343589570596,MPA_StaleQuote,Stale Quote,460.0343589570596,100.0
DK,22051,FGI-DK,5,-49.96611243915398,MPA_StaleQuote,Stale Quote,-49.96611243915398,100.0
DK,22151,PAV-DK,1,173.1222010672817,MPA_StaleQuote,Stale Quote,173.1222010672817,100.0
DK,22155,B2B-DK,1,26.16038279564132,MPA_StaleQuote,Stale Quote,26.16038279564132,100.0
DK,22156,KMA-DK,7,51.87041777801606,MPA_StaleQuote,Stale Quote,51.87041777801606,100.0
DK,22225289,UWH-DK,2,94.5105607376434,MPA_StaleQuote,Stale Quote,94.5105607376434,100.0
DK,22606014A,CBE-DK,4,1015.6615629287152,MPA_StaleQuote,Stale Quote,1015.6615629287152,100.0
DK,22665,UWH-DK,9,754.4829471729829,MPA_StaleQuote,Stale Quote,754.4829471729829,100.0
DK,23597,SEC-DK,1,47.32729271104199,MPA_StaleQuote,Stale Quote,326.65330710763226,14.49
DK,23597,UWH-DK,1,279.32601439659027,MPA_StaleQuote,Stale Quote,326.65330710763226,85.51
DK,23607,MIJ-DK,1,-6.165145484030933,MPA_StaleQuote,Stale Quote,-6.165145484030933,100.0
DK,23625,KMA-DK,8,538.9901687470779,MPA_StaleQuote,Stale Quote,538.9901687470779,100.0
DK,23631,MPN-DK,1,41.52045217111784,MPA_StaleQuote,Stale Quote,41.52045217111784,100.0
DK,23710,B2B-DK,1,16.22375372073691,MPA_StaleQuote,Stale Quote,16.22375372073691,100.0
DK,23737,DKR-DK,3,63.404931592868735,MPA_StaleQuote,Stale Quote,63.404931592868735,100.0
DK,23918,SEC-DK,1,5.060780292978465,MPA_StaleQuote,Stale Quote,5.060780292978465,100.0
DK,24012,MPE-DK,4,3916.372202591284,MPA_StaleQuote,Stale Quote,3916.372202591284,100.0
DK,25376316,B2B-DK,1,45.88213223273391,MPA_StaleQuote,Stale Quote,45.88213223273391,100.0
DK,26161726,JMU-DK,3,115.19437409508417,MPA_StaleQuote,Stale Quote,115.19437409508417,100.0
DK,27112278,MPE-DK,3,1507.7993544013352,MPA_StaleQuote,Stale Quote,1507.7993544013352,100.0
DK,27809800,BVA-DK,4,2105.6942173132115,MPA_StaleQuote,Stale Quote,2105.6942173132115,100.0
DK,28194720,MIJ-DK,4,68.58973499725212,MPA_StaleQuote,Stale Quote,68.58973499725212,100.0
DK,298205000,BVA-DK,5,141.86741738722395,MPA_StaleQuote,Stale Quote,141.86741738722395,100.0
DK,298205555,UWH-DK,2,30340.351581850555,MPA_StaleQuote,Stale Quote,30340.351581850555,100.0
DK,298344000,MPN-DK,9,680.7545272505446,MPA_StaleQuote,Stale Quote,680.7545272505446,100.0
DK,298550055,UWH-DK,2,166.6076885957857,MPA_StaleQuote,Stale Quote,166.6076885957857,100.0
DK,299342670,KMA-DK,3,551.7237160805593,MPA_StaleQuote,Stale Quote,551.7237160805593,100.0
DK,299551427,B2B-DK,3,790.7786775352598,MPA_StaleQuote,Stale Quote,790.7786775352598,100.0
DK,29955170A,B2B-DK,1,12.149319750686923,MPA_StaleQuote,Stale Quote,12.149319750686923,100.0
DK,30283773,FRA-DK,3,2.059178335541671,MPA_StaleQuote,Stale Quote,9.227599736259034,22.32
DK,30283773,POS-DK,7,7.168421400717362,MPA_StaleQuote,Stale Quote,9.227599736259034,77.68
DK,30295256,CHA-DK,6,2527.7086979628643,MPA_StaleQuote,Stale Quote,5135.4468150146395,49.22
DK,30295256,MRR-DK,2,2607.738117051775,MPA_StaleQuote,Stale Quote,5135.4468150146395,50.78
DK,31700377,B2B-DK,5,-0.32709599932806244,MPA_StaleQuote,Stale Quote,-0.32709599932806244,100.0
DK,33324545,POS-DK,1,40.41931419072903,MPA_StaleQuote,Stale Quote,40.41931419072903,100.0
DK,33366304,B2B-DK,21,61.28441810947189,MPA_StaleQuote,Stale Quote,61.28441810947189,100.0
DK,33863900,LBN-DK,6,1596.658502509892,MPA_StaleQuote,Stale Quote,2122.1712032654614,75.24
DK,33863900,SEC-DK,5,525.5127007555693,MPA_StaleQuote,Stale Quote,2122.1712032654614,24.76
DK,3545444222,UWH-DK,4,251.18445354533023,MPA_StaleQuote,Stale Quote,251.18445354533023,100.0
DK,3548970713,SEC-DK,8,467.470331880657,MPA_StaleQuote,Stale Quote,467.470331880657,100.0
DK,38862861,LVE-DK,3,-4.092400606322085,MPA_StaleQuote,Stale Quote,-4.092400606322085,100.0
DK,40558412,MIJ-DK,1,1966.5742266521977,MPA_StaleQuote,Stale Quote,1966.5742266521977,100.0
DK,40975656,CBE-DK,6,759.5171800934799,MPA_StaleQuote,Stale Quote,759.5171800934799,100.0
DK,42488000,RET-DK,2,39.685199833751184,MPA_StaleQuote,Stale Quote,39.685199833751184,100.0
DK,42601200,SEC-DK,2,8759.720010171715,MPA_StaleQuote,Stale Quote,8759.720010171715,100.0
DK,43221100,SGL-DK,5,6235.737366423984,MPA_StaleQuote,Stale Quote,6235.737366423984,100.0
DK,43324700,MRO-DK,1,-1071.5777075860592,MPA_StaleQuote,Stale Quote,-1071.5777075860592,100.0
DK,43434388A,LVE-DK,4,229.39780997440025,MPA_StaleQuote,Stale Quote,229.39780997440025,100.0
DK,43666768,CBE-DK,2,274.5862163324075,MPA_StaleQuote,Stale Quote,274.5862163324075,100.0
DK,43668888,LBN-DK,7,39.36480732667434,MPA_StaleQuote,Stale Quote,39.36480732667434,100.0
DK,43692725A,CBE-DK,1,2560.911467059848,MPA_StaleQuote,Stale Quote,2560.911467059848,100.0
DK,44444444,RET-DK,1,90.62826803957849,MPA_StaleQuote,Stale Quote,90.62826803957849,100.0
DK,44774477,MPE-DK,6,352.6887348636256,MPA_StaleQuote,Stale Quote,352.6887348636256,100.0
DK,44835000,AHE-DK,13,787.6254112169374,MPA_StaleQuote,Stale Quote,787.6254112169374,100.0
DK,44841444A,SEC-DK,3,302.87207666018895,MPA_StaleQuote,Stale Quote,302.87207666018895,100.0
DK,45169200A,DKR-DK,2,9090.892529436192,MPA_StaleQuote,Stale Quote,9090.892529436192,100.0
DK,45869500A,JMU-DK,16,4619.724048280659,MPA_StaleQuote,Stale Quote,4619.724048280659,100.0
DK,4767927000,MHO-DK,1,328.22296382667906,MPA_StaleQuote,Stale Quote,328.22296382667906,100.0
DK,49708077,DKR-DK,2,913.4126888379506,MPA_StaleQuote,Stale Quote,913.4126888379506,100.0
DK,53303651,SLI-DK,2,173.32019519519517,MPA_StaleQuote,Stale Quote,173.32019519519517,100.0
DK,54951565,B2B-DK,2,109.61056371070444,MPA_StaleQuote,Stale Quote,109.61056371070444,100.0
DK,56641100,B2B-DK,3,576.7368169647655,MPA_StaleQuote,Stale Quote,576.7368169647655,100.0
DK,58506151,RET-DK,8,535.1995602568743,MPA_StaleQuote,Stale Quote,535.1995602568743,100.0
DK,60241060,CBE-DK,1,36934.94758264269,MPA_StaleQuote,Stale Quote,36934.94758264269,100.0
DK,60651539,MPN-DK,2,181.9559069024353,MPA_StaleQuote,Stale Quote,181.9559069024353,100.0
DK,61799700,MPE-DK,7,3421.7326810555737,MPA_StaleQuote,Stale Quote,3421.7326810555737,100.0
DK,62211766,JMU-DK,11,2136.2617665540715,MPA_StaleQuote,Stale Quote,2136.2617665540715,100.0
DK,66140666,BVA-DK,1,235.30325552743307,MPA_StaleQuote,Stale Quote,235.30325552743307,100.0
DK,70107077,LBN-DK,5,2584.4939812914367,MPA_StaleQuote,Stale Quote,2584.4939812914367,100.0
DK,70131388,B2B-DK,1,13.39100392356415,MPA_StaleQuote,Stale Quote,13.39100392356415,100.0
DK,70133233,MPE-DK,10,3667.355035317464,MPA_StaleQuote,Stale Quote,3667.355035317464,100.0
DK,70137020,KMA-DK,1,65.98318967824831,MPA_StaleQuote,Stale Quote,1591.3193689714906,4.15
DK,70137020,SLI-DK,8,1525.3361792932424,MPA_StaleQuote,Stale Quote,1591.3193689714906,95.85
DK,70201799,CHA-DK,23,4332.43513744649,MPA_StaleQuote,Stale Quote,4265.57996262975,101.57
DK,70201799,MRR-DK,1,-66.85517481674059,MPA_StaleQuote,Stale Quote,4265.57996262975,-1.57
DK,70202555,KMA-DK,1,131.21075392628097,MPA_StaleQuote,Stale Quote,131.21075392628097,100.0
DK,70204939,B2B-DK,1,189.6570218015071,MPA_StaleQuote,Stale Quote,189.6570218015071,100.0
DK,70205161,KMA-DK,2,30.568739441718286,MPA_StaleQuote,Stale Quote,30.568739441718286,100.0
DK,70207780,MRO-DK,1,501.154350911964,MPA_StaleQuote,Stale Quote,491.211709726191,102.02
DK,70207780,SLI-DK,2,-9.942641185773029,MPA_StaleQuote,Stale Quote,491.211709726191,-2.02
DK,70208666A,CBE-DK,10,326.3028276164903,MPA_StaleQuote,Stale Quote,326.3028276164903,100.0
DK,70209091,B2B-DK,1,57.38111517784124,MPA_StaleQuote,Stale Quote,57.38111517784124,100.0
DK,70220150,JMU-DK,3,260.73127906820906,MPA_StaleQuote,Stale Quote,260.73127906820906,100.0
DK,70222118B,FRA-DK,5,160.1306751998285,MPA_StaleQuote,Stale Quote,160.1306751998285,100.0
DK,70230310,MPN-DK,6,770.2955433218592,MPA_StaleQuote,Stale Quote,770.2955433218592,100.0
DK,70230522,MPE-DK,6,2365.9057491140593,MPA_StaleQuote,Stale Quote,2365.9057491140593,100.0
DK,70232390A,MPE-DK,4,1480.8096775489973,MPA_StaleQuote,Stale Quote,1480.8096775489973,100.0
DK,70234949,LBN-DK,16,5108.656596714843,MPA_StaleQuote,Stale Quote,6432.2333094842215,79.42
DK,70234949,SGL-DK,2,1323.5767127693787,MPA_StaleQuote,Stale Quote,6432.2333094842215,20.58
DK,70252510,MPN-DK,6,5396.5134806615815,MPA_StaleQuote,Stale Quote,5396.5134806615815,100.0
DK,70252586B,CBE-DK,6,5113.6415267823295,MPA_StaleQuote,Stale Quote,5113.6415267823295,100.0
DK,70262988,SLI-DK,2,-17.427908785006636,MPA_StaleQuote,Stale Quote,-17.427908785006636,100.0
DK,70300330,SLI-DK,3,283.92905301686017,MPA_StaleQuote,Stale Quote,283.92905301686017,100.0
DK,70702454,SEC-DK,1,1.071797001647888,MPA_StaleQuote,Stale Quote,1.071797001647888,100.0
DK,72170150,MPN-DK,7,2082.4556598658537,MPA_StaleQuote,Stale Quote,2082.4556598658537,100.0
DK,72667015,LBN-DK,2,-4.289429237822042,MPA_StaleQuote,Stale Quote,-4.289429237822042,100.0
DK,74123200,CBE-DK,13,-858.6469154423664,MPA_StaleQuote,Stale Quote,-858.6469154423664,100.0
DK,74561340,MPE-DK,15,5911.167091757688,MPA_StaleQuote,Stale Quote,5911.167091757688,100.0
DK,75119191,CHA-DK,2,53.27122818288896,MPA_StaleQuote,Stale Quote,53.27122818288896,100.0
DK,75624577,CBE-DK,12,2730.018870006803,MPA_StaleQuote,Stale Quote,2730.018870006803,100.0
DK,75857300,B2B-DK,1,326.5853331545784,MPA_StaleQuote,Stale Quote,326.5853331545784,100.0
DK,75890800,FRA-DK,2,256.090530013542,MPA_StaleQuote,Stale Quote,256.090530013542,100.0
DK,76123200,DKR-DK,3,7105.886744321188,MPA_StaleQuote,Stale Quote,7105.886744321188,100.0
DK,76232323,UWH-DK,1,2138.145546200461,MPA_StaleQuote,Stale Quote,2138.145546200461,100.0
DK,76244040,LVE-DK,3,5944.4144930481925,MPA_StaleQuote,Stale Quote,5944.4144930481925,100.0
DK,76245214A,CBE-DK,17,15256.262651991474,MPA_StaleQuote,Stale Quote,15256.262651991474,100.0
DK,76498300A,FRA-DK,1,0.0,MPA_StaleQuote,Stale Quote,0.0,
DK,76710000,KMA-DK,1,21.70156331632037,MPA_StaleQuote,Stale Quote,21.70156331632037,100.0
DK,76961200,KMA-DK,1,35.53464591168873,MPA_StaleQuote,Stale Quote,35.53464591168873,100.0
DK,79166666,UWH-DK,7,1399.8482875715376,MPA_StaleQuote,Stale Quote,1399.8482875715376,100.0
DK,79420100,MPE-DK,56,13554.335301334106,MPA_StaleQuote,Stale Quote,13554.335301334106,100.0
DK,82194444,KMA-DK,6,772.404773028431,MPA_StaleQuote,Stale Quote,772.404773028431,100.0
DK,86442211,BVA-DK,1,-13402.510841051448,MPA_StaleQuote,Stale Quote,-13402.510841051448,100.0
DK,87646000A,MPE-DK,75,325137.0290838967,MPA_StaleQuote,Stale Quote,325137.0290838967,100.0
DK,88700900,JMU-DK,3,193.91133608055327,MPA_StaleQuote,Stale Quote,193.91133608055327,100.0
DK,96327070,KMA-DK,1,400.41754771017906,MPA_StaleQuote,Stale Quote,400.41754771017906,100.0
DK,96443315,MPE-DK,10,41860.490464883456,MPA_StaleQuote,Stale Quote,41860.490464883456,100.0
DK,98109440,JMA-DK,1,0.13406263406263405,MPA_StaleQuote,Stale Quote,0.13406263406263405,100.0
DK,98138888,LBN-DK,2,358.43140405135824,MPA_StaleQuote,Stale Quote,358.43140405135824,100.0
DK,98671450,B2B-DK,2,67.72182447108032,MPA_StaleQuote,Stale Quote,67.72182447108032,100.0
DK,ELB3376,MHO-DK,2,0.0,MPA_StaleQuote,Stale Quote,0.0,
DK,20000,SEC-DK,3,22692.925811372515,MPA_UnitFixedPrice,Fixed / Unit Price,25106.575639141283,90.39
DK,20000,UWH-DK,1,2413.6498277687683,MPA_UnitFixedPrice,Fixed / Unit Price,25106.575639141283,9.61
DK,20043,B2B-DK,1,0.0013389390247155965,MPA_UnitFixedPrice,Fixed / Unit Price,0.0013389390247155965,100.0
DK,20047,SEC-DK,1,0.0,MPA_UnitFixedPrice,Fixed / Unit Price,22.945271443240014,0.0
DK,20047,UWH-DK,3,22.945271443240014,MPA_UnitFixedPrice,Fixed / Unit Price,22.945271443240014,100.0
DK,20051,B2B-DK,1,0.013406263406263406,MPA_UnitFixedPrice,Fixed / Unit Price,0.013406263406263406,100.0
DK,20130,B2B-DK,2,0.002681055001041288,MPA_UnitFixedPrice,Fixed / Unit Price,0.002681055001041288,100.0
DK,20134,MIJ-DK,1,104.15594165594166,MPA_UnitFixedPrice,Fixed / Unit Price,104.15594165594166,100.0
DK,20148,FGI-DK,1,208.3751824622019,MPA_UnitFixedPrice,Fixed / Unit Price,208.3751824622019,100.0
DK,20169,B2B-DK,1,0.018766001367237245,MPA_UnitFixedPrice,Fixed / Unit Price,0.018766001367237245,100.0
DK,20432,B2B-DK,4,516.0512030024797,MPA_UnitFixedPrice,Fixed / Unit Price,516.0512030024797,100.0
DK,20466,B2B-DK,1,0.01474135620477084,MPA_UnitFixedPrice,Fixed / Unit Price,0.01474135620477084,100.0
DK,20485,MPE-DK,1,266.4200806765033,MPA_UnitFixedPrice,Fixed / Unit Price,653.748788536288,40.75
DK,20485,UWH-DK,4,387.32870785978474,MPA_UnitFixedPrice,Fixed / Unit Price,653.748788536288,59.25
DK,20575,MPE-DK,6,258.02457857329074,MPA_UnitFixedPrice,Fixed / Unit Price,258.02457857329074,100.0
DK,20593,MIJ-DK,1,0.0026778063411038665,MPA_UnitFixedPrice,Fixed / Unit Price,0.0026778063411038665,100.0
DK,20640,B2B-DK,1,17.475767204279446,MPA_UnitFixedPrice,Fixed / Unit Price,17.475767204279446,100.0
DK,20645,B2B-DK,2,2.1444271698922424,MPA_UnitFixedPrice,Fixed / Unit Price,2.1444271698922424,100.0
DK,20713,RET-DK,1,0.013406263406263406,MPA_UnitFixedPrice,Fixed / Unit Price,0.013406263406263406,100.0
DK,20746692A,CHA-DK,2,18.769775298975706,MPA_UnitFixedPrice,Fixed / Unit Price,18.769775298975706,100.0
DK,20939481,RET-DK,1,0.01474135620477084,MPA_UnitFixedPrice,Fixed / Unit Price,0.01474135620477084,100.0
DK,21248689,DKR-DK,3,0.7815370738921625,MPA_UnitFixedPrice,Fixed / Unit Price,0.7815370738921625,100.0
DK,21871,SEC-DK,1,54.31042562022197,MPA_UnitFixedPrice,Fixed / Unit Price,54.31042562022197,100.0
DK,21874,B2B-DK,3,254.5040519724064,MPA_UnitFixedPrice,Fixed / Unit Price,254.5040519724064,100.0
DK,21916686,B2B-DK,1,814.7571931609742,MPA_UnitFixedPrice,Fixed / Unit Price,814.7571931609742,100.0
DK,21946,FRA-DK,2,31.95642853314748,MPA_UnitFixedPrice,Fixed / Unit Price,31.95642853314748,100.0
DK,21947,MIJ-DK,2,1.0482292701811062,MPA_UnitFixedPrice,Fixed / Unit Price,1.0482292701811062,100.0
DK,21972,B2B-DK,1,16.388174807197945,MPA_UnitFixedPrice,Fixed / Unit Price,16.388174807197945,100.0
DK,22045,FGI-DK,2,126.87631180374305,MPA_UnitFixedPrice,Fixed / Unit Price,126.87631180374305,100.0
DK,22150,B2B-DK,4,515.9402079224252,MPA_UnitFixedPrice,Fixed / Unit Price,515.9402079224252,100.0
DK,22156,KMA-DK,1,15.984622185310695,MPA_UnitFixedPrice,Fixed / Unit Price,15.984622185310695,100.0
DK,22162,B2B-DK,4,-1035.078011339793,MPA_UnitFixedPrice,Fixed / Unit Price,-1035.078011339793,100.0
DK,22375474B,FGI-DK,1,0.0013404646050321043,MPA_UnitFixedPrice,Fixed / Unit Price,0.0013404646050321043,100.0
DK,22591,B2B-DK,6,509.00810394481283,MPA_UnitFixedPrice,Fixed / Unit Price,509.00810394481283,100.0
DK,22606014A,CBE-DK,2,221.49469154691337,MPA_UnitFixedPrice,Fixed / Unit Price,221.49469154691337,100.0
DK,22608,B2B-DK,1,1.6729569849300034,MPA_UnitFixedPrice,Fixed / Unit Price,1.6729569849300034,100.0
DK,22799,B2B-DK,2,20.42183230254437,MPA_UnitFixedPrice,Fixed / Unit Price,20.42183230254437,100.0
DK,22857,B2B-DK,1,1089.1307840616967,MPA_UnitFixedPrice,Fixed / Unit Price,1089.1307840616967,100.0
DK,22923,B2B-DK,1,76.93800524653355,MPA_UnitFixedPrice,Fixed / Unit Price,76.93800524653355,100.0
DK,22999067,B2B-DK,7,3762.7743324866096,MPA_UnitFixedPrice,Fixed / Unit Price,3092.7037070426877,121.67
DK,22999067,DKR-DK,1,-670.0706254439218,MPA_UnitFixedPrice,Fixed / Unit Price,3092.7037070426877,-21.67
DK,23239,DKR-DK,2,7.379059823331501,MPA_UnitFixedPrice,Fixed / Unit Price,7.379059823331501,100.0
DK,23285,B2B-DK,1,0.013401232913428037,MPA_UnitFixedPrice,Fixed / Unit Price,0.013401232913428037,100.0
DK,23440875,B2B-DK,1,0.013406263406263406,MPA_UnitFixedPrice,Fixed / Unit Price,0.013406263406263406,100.0
DK,23493,B2B-DK,2,54.53377204030299,MPA_UnitFixedPrice,Fixed / Unit Price,54.53377204030299,100.0
DK,23502,MRO-DK,6,11688.422090549442,MPA_UnitFixedPrice,Fixed / Unit Price,11706.228639724672,99.85
DK,23502,SLI-DK,4,17.806549175229485,MPA_UnitFixedPrice,Fixed / Unit Price,11706.228639724672,0.15
DK,23582,B2B-DK,4,516.1342217098119,MPA_UnitFixedPrice,Fixed / Unit Price,516.1342217098119,100.0
DK,23597,SEC-DK,1,47.32729271104199,MPA_UnitFixedPrice,Fixed / Unit Price,47.32729271104199,100.0
DK,23605,B2B-DK,1,571.8001313866656,MPA_UnitFixedPrice,Fixed / Unit Price,1080.8082353314785,52.9
DK,23605,DKR-DK,6,509.0081039448128,MPA_UnitFixedPrice,Fixed / Unit Price,1080.8082353314785,47.1
DK,23612,B2B-DK,1,0.06694695123584071,MPA_UnitFixedPrice,Fixed / Unit Price,0.06694695123584071,100.0
DK,23621,B2B-DK,1,0.014745703638167242,MPA_UnitFixedPrice,Fixed / Unit Price,0.014745703638167242,100.0
DK,23625,KMA-DK,5,1743.425027710545,MPA_UnitFixedPrice,Fixed / Unit Price,1743.425027710545,100.0
DK,23631,MPN-DK,2,322.8623813921119,MPA_UnitFixedPrice,Fixed / Unit Price,322.8623813921119,100.0
DK,23638,B2B-DK,3,254.50405197240642,MPA_UnitFixedPrice,Fixed / Unit Price,254.50405197240642,100.0
DK,23695,B2B-DK,4,254.7289945807627,MPA_UnitFixedPrice,Fixed / Unit Price,254.7289945807627,100.0
DK,23711,B2B-DK,3,160.80865496762434,MPA_UnitFixedPrice,Fixed / Unit Price,160.80865496762434,100.0
DK,23737,B2B-DK,1,2.863731431329438,MPA_UnitFixedPrice,Fixed / Unit Price,168.768132333347,1.7
DK,23737,DKR-DK,5,165.90440090201758,MPA_UnitFixedPrice,Fixed / Unit Price,168.768132333347,98.3
DK,23742,PAV-DK,2,20.17455657000362,MPA_UnitFixedPrice,Fixed / Unit Price,20.17455657000362,100.0
DK,23775,DKR-DK,2,386.7947909600908,MPA_UnitFixedPrice,Fixed / Unit Price,386.7947909600908,100.0
DK,23803,DKR-DK,3,377.3207582925813,MPA_UnitFixedPrice,Fixed / Unit Price,377.3207582925813,100.0
DK,23825,DKR-DK,1,15.691321776669481,MPA_UnitFixedPrice,Fixed / Unit Price,15.691321776669481,100.0
DK,23843,KMA-DK,12,123.90916890786266,MPA_UnitFixedPrice,Fixed / Unit Price,123.90916890786266,100.0
DK,23862,DKR-DK,1,0.013406263406263406,MPA_UnitFixedPrice,Fixed / Unit Price,0.013406263406263406,100.0
DK,23871,B2B-DK,1,0.013412017167381975,MPA_UnitFixedPrice,Fixed / Unit Price,0.013412017167381975,100.0
DK,23887,AHE-DK,2,22.178180698206948,MPA_UnitFixedPrice,Fixed / Unit Price,22.178180698206948,100.0
DK,23913,B2B-DK,1,75.63657329811342,MPA_UnitFixedPrice,Fixed / Unit Price,75.63657329811342,100.0
DK,23921,DKR-DK,4,19.478051391862955,MPA_UnitFixedPrice,Fixed / Unit Price,19.478051391862955,100.0
DK,23932,BVA-DK,1,53.74658305193766,MPA_UnitFixedPrice,Fixed / Unit Price,53.74658305193766,100.0
DK,23955,B2B-DK,1,0.001338383500408207,MPA_UnitFixedPrice,Fixed / Unit Price,0.001338383500408207,100.0
DK,23958,B2B-DK,15,0.803019352766356,MPA_UnitFixedPrice,Fixed / Unit Price,0.803019352766356,100.0
DK,23996,B2B-DK,1,0.006699180020365508,MPA_UnitFixedPrice,Fixed / Unit Price,0.006699180020365508,100.0
DK,24002,B2B-DK,6,509.0081039448128,MPA_UnitFixedPrice,Fixed / Unit Price,509.0081039448128,100.0
DK,24007,JMU-DK,1,30.521211471742586,MPA_UnitFixedPrice,Fixed / Unit Price,30.521211471742586,100.0
DK,24021,B2B-DK,1,0.0026795284030010718,MPA_UnitFixedPrice,Fixed / Unit Price,0.0026795284030010718,100.0
DK,24062,B2B-DK,2,73.43266383503278,MPA_UnitFixedPrice,Fixed / Unit Price,73.43266383503278,100.0
DK,24169,B2B-DK,1,83.41255071027862,MPA_UnitFixedPrice,Fixed / Unit Price,83.41255071027862,100.0
DK,24215,B2B-DK,1,99.57706515338077,MPA_UnitFixedPrice,Fixed / Unit Price,99.57706515338077,100.0
DK,25376316,B2B-DK,20,987.4960438146435,MPA_UnitFixedPrice,Fixed / Unit Price,2071.032260962975,47.68
DK,25376316,DKR-DK,2,1016.476131311422,MPA_UnitFixedPrice,Fixed / Unit Price,2071.032260962975,49.08
DK,25376316,ERO-DK,1,67.06008583690986,MPA_UnitFixedPrice,Fixed / Unit Price,2071.032260962975,3.24
DK,25444662,B2B-DK,4,418.65704374638347,MPA_UnitFixedPrice,Fixed / Unit Price,630.4939804376766,66.4
DK,25444662,DKR-DK,3,211.83693669129303,MPA_UnitFixedPrice,Fixed / Unit Price,630.4939804376766,33.6
DK,26170208,DKR-DK,1,0.013401232913428037,MPA_UnitFixedPrice,Fixed / Unit Price,0.013401232913428037,100.0
DK,26706026,B2B-DK,3,254.50405197240642,MPA_UnitFixedPrice,Fixed / Unit Price,254.50405197240642,100.0
DK,26874417,B2B-DK,1,0.013412017167381975,MPA_UnitFixedPrice,Fixed / Unit Price,0.013412017167381975,100.0
DK,27112278,MPE-DK,1,14.558616529257996,MPA_UnitFixedPrice,Fixed / Unit Price,14.558616529257996,100.0
DK,27127193,MIJ-DK,4,516.1342217098119,MPA_UnitFixedPrice,Fixed / Unit Price,516.1342217098119,100.0
DK,27149250,MRO-DK,46,481.90223816672346,MPA_UnitFixedPrice,Fixed / Unit Price,451.06700556181664,106.84
DK,27149250,SLI-DK,1,-30.835232604906825,MPA_UnitFixedPrice,Fixed / Unit Price,451.06700556181664,-6.84
DK,27288860A,B2B-DK,32,1235.070530443892,MPA_UnitFixedPrice,Fixed / Unit Price,1235.070530443892,100.0
DK,27809800,BVA-DK,3,197.82808620036934,MPA_UnitFixedPrice,Fixed / Unit Price,197.82808620036934,100.0
DK,28270849A,PLH-DK,1,7425.591247921919,MPA_UnitFixedPrice,Fixed / Unit Price,7425.591247921919,100.0
DK,28294533,B2B-DK,6,509.1376815477786,MPA_UnitFixedPrice,Fixed / Unit Price,509.1376815477786,100.0
DK,28909054,B2B-DK,1,398.7258589076114,MPA_UnitFixedPrice,Fixed / Unit Price,398.7258589076114,100.0
DK,29291476,B2B-DK,1,0.013401232913428037,MPA_UnitFixedPrice,Fixed / Unit Price,0.013401232913428037,100.0
DK,29462660,CHA-DK,3,120.93997498642693,MPA_UnitFixedPrice,Fixed / Unit Price,120.93997498642693,100.0
DK,298205000,BVA-DK,14,457.22028231780166,MPA_UnitFixedPrice,Fixed / Unit Price,464.111471248997,98.52
DK,298205000,POS-DK,1,6.891188931195348,MPA_UnitFixedPrice,Fixed / Unit Price,464.111471248997,1.48
DK,298290600,UWH-DK,2,60.442800680217765,MPA_UnitFixedPrice,Fixed / Unit Price,60.442800680217765,100.0
DK,298311414,KMA-DK,1,0.013401232913428037,MPA_UnitFixedPrice,Fixed / Unit Price,0.013401232913428037,100.0
DK,298344000,MPN-DK,2,346.5937277931968,MPA_UnitFixedPrice,Fixed / Unit Price,346.5937277931968,100.0
DK,298448000,B2B-DK,3,25.68662372618068,MPA_UnitFixedPrice,Fixed / Unit Price,25.68662372618068,100.0
DK,29889594,BVA-DK,1,0.13401232913428035,MPA_UnitFixedPrice,Fixed / Unit Price,0.13401232913428035,100.0
DK,299365500,DKR-DK,2,95.41749343057865,MPA_UnitFixedPrice,Fixed / Unit Price,95.41749343057865,100.0
DK,30222727,BVA-DK,3,4069.575709834694,MPA_UnitFixedPrice,Fixed / Unit Price,4069.575709834694,100.0
DK,30283773,FRA-DK,1,1.9626506508654067,MPA_UnitFixedPrice,Fixed / Unit Price,1.9626506508654067,100.0
DK,30295256,CHA-DK,15,1908.4885478083806,MPA_UnitFixedPrice,Fixed / Unit Price,2442.8966886372114,78.12
DK,30295256,MRR-DK,3,534.4081408288307,MPA_UnitFixedPrice,Fixed / Unit Price,2442.8966886372114,21.88
DK,31228313,ERO-DK,2,0.026804082359220213,MPA_UnitFixedPrice,Fixed / Unit Price,0.026804082359220213,100.0
DK,33366304,B2B-DK,1,2.016302016302016,MPA_UnitFixedPrice,Fixed / Unit Price,2.016302016302016,100.0
DK,33863900,LBN-DK,1,249.4203422995993,MPA_UnitFixedPrice,Fixed / Unit Price,2403.9538393063913,10.38
DK,33863900,SEC-DK,6,2154.533497006792,MPA_UnitFixedPrice,Fixed / Unit Price,2403.9538393063913,89.62
DK,35250220,B2B-DK,1,0.0040168170741504425,MPA_UnitFixedPrice,Fixed / Unit Price,0.0040168170741504425,100.0
DK,35841213,B2B-DK,1,0.014745703638167242,MPA_UnitFixedPrice,Fixed / Unit Price,0.014745703638167242,100.0
DK,36444200,B2B-DK,3,254.5688407738893,MPA_UnitFixedPrice,Fixed / Unit Price,254.5688407738893,100.0
DK,38146105,KMA-DK,1,12.125397229783175,MPA_UnitFixedPrice,Fixed / Unit Price,12.125397229783175,100.0
DK,38862861,LVE-DK,5,-1448.9099950842447,MPA_UnitFixedPrice,Fixed / Unit Price,-1436.9525260237601,100.83
DK,38862861,MPE-DK,1,11.957469060484575,MPA_UnitFixedPrice,Fixed / Unit Price,-1436.9525260237601,-0.83
DK,38868885A,B2B-DK,1,0.01474135620477084,MPA_UnitFixedPrice,Fixed / Unit Price,0.01474135620477084,100.0
DK,39420003,B2B-DK,1,0.014748076046443032,MPA_UnitFixedPrice,Fixed / Unit Price,0.014748076046443032,100.0
DK,39484800,KMA-DK,5,40.66310058472557,MPA_UnitFixedPrice,Fixed / Unit Price,40.66310058472557,100.0
DK,40428909,B2B-DK,1,0.01474135620477084,MPA_UnitFixedPrice,Fixed / Unit Price,0.01474135620477084,100.0
DK,40807040,B2B-DK,2,236.48116919617763,MPA_UnitFixedPrice,Fixed / Unit Price,236.48116919617763,100.0
DK,40841611,B2B-DK,3,0.04424895672871303,MPA_UnitFixedPrice,Fixed / Unit Price,0.04424895672871303,100.0
DK,40888877,B2B-DK,33,654.3401101074248,MPA_UnitFixedPrice,Fixed / Unit Price,766.0836723391844,85.41
DK,40888877,RET-DK,6,111.74356223175965,MPA_UnitFixedPrice,Fixed / Unit Price,766.0836723391844,14.59
DK,40975656,CBE-DK,7,1351.3273880723164,MPA_UnitFixedPrice,Fixed / Unit Price,1351.3273880723164,100.0
DK,41333435,ERO-DK,3,137.49847760280952,MPA_UnitFixedPrice,Fixed / Unit Price,137.49847760280952,100.0
DK,42488000,B2B-DK,9,199.5122996945174,MPA_UnitFixedPrice,Fixed / Unit Price,199.5122996945174,100.0
DK,42601200,MPE-DK,1,286.2543829126629,MPA_UnitFixedPrice,Fixed / Unit Price,10076.074268292843,2.84
DK,42601200,SEC-DK,4,9789.81988538018,MPA_UnitFixedPrice,Fixed / Unit Price,10076.074268292843,97.16
DK,43204700,FRA-DK,2,606.6357334031482,MPA_UnitFixedPrice,Fixed / Unit Price,606.6357334031482,100.0
DK,43221100,SGL-DK,3,43.593611770975414,MPA_UnitFixedPrice,Fixed / Unit Price,43.593611770975414,100.0
DK,43324700,SLI-DK,1,0.013401232913428037,MPA_UnitFixedPrice,Fixed / Unit Price,0.013401232913428037,100.0
DK,43558888,B2B-DK,1,78.36718278705006,MPA_UnitFixedPrice,Fixed / Unit Price,78.36718278705006,100.0
DK,43666768,CBE-DK,4,530.1950996035974,MPA_UnitFixedPrice,Fixed / Unit Price,530.1950996035974,100.0
DK,44424242A,FRA-DK,2,4.678493721850004,MPA_UnitFixedPrice,Fixed / Unit Price,4.678493721850004,100.0
DK,44444444,RET-DK,1,90.62826803957849,MPA_UnitFixedPrice,Fixed / Unit Price,90.62826803957849,100.0
DK,44774477,MPE-DK,1,26.58947142703978,MPA_UnitFixedPrice,Fixed / Unit Price,26.58947142703978,100.0
DK,44835000,AHE-DK,155,16469.487932115975,MPA_UnitFixedPrice,Fixed / Unit Price,16469.487932115975,100.0
DK,44841444A,MPE-DK,1,0.0,MPA_UnitFixedPrice,Fixed / Unit Price,0.0,
DK,44882900,B2B-DK,1,488.4213204086279,MPA_UnitFixedPrice,Fixed / Unit Price,488.4213204086279,100.0
DK,44894489,MIJ-DK,3,3.0008983926106256,MPA_UnitFixedPrice,Fixed / Unit Price,3.0008983926106256,100.0
DK,44951095,FGI-DK,6,307.577423911047,MPA_UnitFixedPrice,Fixed / Unit Price,307.577423911047,100.0
DK,45281222,DKR-DK,1,0.014743134390371393,MPA_UnitFixedPrice,Fixed / Unit Price,0.014743134390371393,100.0
DK,45859859,B2B-DK,1,1.9173270048134308,MPA_UnitFixedPrice,Fixed / Unit Price,1.9173270048134308,100.0
DK,4586352909,B2B-DK,1,18.029709872901808,MPA_UnitFixedPrice,Fixed / Unit Price,18.029709872901808,100.0
DK,45869500A,JMU-DK,98,6791.112469855871,MPA_UnitFixedPrice,Fixed / Unit Price,6791.112469855871,100.0
DK,4597225022,B2B-DK,1,0.014737011334101444,MPA_UnitFixedPrice,Fixed / Unit Price,0.014737011334101444,100.0
DK,4598988503,B2B-DK,2,0.9425108596557087,MPA_UnitFixedPrice,Fixed / Unit Price,0.9425108596557087,100.0
DK,46195100,CHA-DK,12,314.6121558163235,MPA_UnitFixedPrice,Fixed / Unit Price,314.6121558163235,100.0
DK,46732519A,BVA-DK,1,9.775029777438734,MPA_UnitFixedPrice,Fixed / Unit Price,9.775029777438734,100.0
DK,46925101,B2B-DK,1,0.004015419209765499,MPA_UnitFixedPrice,Fixed / Unit Price,0.004015419209765499,100.0
DK,46932061A,JMA-DK,5,75.5312443490957,MPA_UnitFixedPrice,Fixed / Unit Price,75.5312443490957,100.0
DK,47311527,SEC-DK,1,-371.8870656370656,MPA_UnitFixedPrice,Fixed / Unit Price,-371.8870656370656,100.0
DK,48108000,B2B-DK,5,11304.545930584594,MPA_UnitFixedPrice,Fixed / Unit Price,11304.545930584594,100.0
DK,48133133,JMU-DK,4,595.5240012970334,MPA_UnitFixedPrice,Fixed / Unit Price,595.5240012970334,100.0
DK,49708077,DKR-DK,8,159.45308942871637,MPA_UnitFixedPrice,Fixed / Unit Price,159.45308942871637,100.0
DK,51800180,DKR-DK,27,23966.238300460616,MPA_UnitFixedPrice,Fixed / Unit Price,23966.238300460616,100.0
DK,53578118,RET-DK,1,0.006700706254439219,MPA_UnitFixedPrice,Fixed / Unit Price,0.006700706254439219,100.0
DK,55720343,JMA-DK,1,27.875311587016537,MPA_UnitFixedPrice,Fixed / Unit Price,27.875311587016537,100.0
DK,55721075A,JMA-DK,5,135.6122286551587,MPA_UnitFixedPrice,Fixed / Unit Price,457.43626298992274,29.65
DK,55721075A,MKK-DK,2,321.824034334764,MPA_UnitFixedPrice,Fixed / Unit Price,457.43626298992274,70.35
DK,55774030,CBE-DK,14,1850.4121707660345,MPA_UnitFixedPrice,Fixed / Unit Price,1850.4121707660345,100.0
DK,56641100,B2B-DK,1,363.2688033844753,MPA_UnitFixedPrice,Fixed / Unit Price,363.2688033844753,100.0
DK,57608657,B2B-DK,1,-443.45088161209065,MPA_UnitFixedPrice,Fixed / Unit Price,-443.45088161209065,100.0
DK,58506151,RET-DK,8,535.1995602568743,MPA_UnitFixedPrice,Fixed / Unit Price,535.1995602568743,100.0
DK,59511500A,JMA-DK,2,0.14752140458724777,MPA_UnitFixedPrice,Fixed / Unit Price,0.14752140458724777,100.0
DK,60101550,B2B-DK,1,8.608463693516173,MPA_UnitFixedPrice,Fixed / Unit Price,8.608463693516173,100.0
DK,60291010A,IFO-DK,1,529.1132800471274,MPA_UnitFixedPrice,Fixed / Unit Price,529.1132800471274,100.0
DK,60894390,B2B-DK,1,8.75579743170425,MPA_UnitFixedPrice,Fixed / Unit Price,8.75579743170425,100.0
DK,61606161,B2B-DK,1,0.013404646050321042,MPA_UnitFixedPrice,Fixed / Unit Price,0.013404646050321042,100.0
DK,61617171,ERO-DK,2,189.48807656733825,MPA_UnitFixedPrice,Fixed / Unit Price,189.48807656733825,100.0
DK,61669332,MIJ-DK,1,0.013406263406263406,MPA_UnitFixedPrice,Fixed / Unit Price,0.013406263406263406,100.0
DK,62211766,JMU-DK,86,3153.452013328522,MPA_UnitFixedPrice,Fixed / Unit Price,3153.452013328522,100.0
DK,62800772,JMA-DK,1,0.1340680261164515,MPA_UnitFixedPrice,Fixed / Unit Price,0.1340680261164515,100.0
DK,63113333,KMA-DK,1,0.013401232913428037,MPA_UnitFixedPrice,Fixed / Unit Price,0.013401232913428037,100.0
DK,63550028,B2B-DK,5,368.3246418709524,MPA_UnitFixedPrice,Fixed / Unit Price,368.3246418709524,100.0
DK,65351933A,FRA-DK,2,111.36528685785166,MPA_UnitFixedPrice,Fixed / Unit Price,111.36528685785166,100.0
DK,66140666,BVA-DK,1,20.689101061906612,MPA_UnitFixedPrice,Fixed / Unit Price,20.689101061906612,100.0
DK,66152335,B2B-DK,1,0.014753218884120171,MPA_UnitFixedPrice,Fixed / Unit Price,0.014753218884120171,100.0
DK,70101120,KMA-DK,6,509.43117986942474,MPA_UnitFixedPrice,Fixed / Unit Price,509.43117986942474,100.0
DK,70107077,LBN-DK,4,2083.587254001406,MPA_UnitFixedPrice,Fixed / Unit Price,2083.587254001406,100.0
DK,70124400,KMA-DK,5,-15.052763605392236,MPA_UnitFixedPrice,Fixed / Unit Price,-15.052763605392236,100.0
DK,70131388,B2B-DK,2,72.30562668803387,MPA_UnitFixedPrice,Fixed / Unit Price,303.41882285451067,23.83
DK,70131388,ERO-DK,6,231.1131961664768,MPA_UnitFixedPrice,Fixed / Unit Price,303.41882285451067,76.17
DK,70133233,MPE-DK,6,4978.0627618264225,MPA_UnitFixedPrice,Fixed / Unit Price,4978.0627618264225,100.0
DK,70137020,JMA-DK,3,2261.320345204435,MPA_UnitFixedPrice,Fixed / Unit Price,3655.6737860237863,61.86
DK,70137020,KMA-DK,1,15.77658207516865,MPA_UnitFixedPrice,Fixed / Unit Price,3655.6737860237863,0.43
DK,70137020,SLI-DK,8,1378.5768587441826,MPA_UnitFixedPrice,Fixed / Unit Price,3655.6737860237863,37.71
DK,70200770,B2B-DK,1,0.01472202146738403,MPA_UnitFixedPrice,Fixed / Unit Price,0.01472202146738403,100.0
DK,70201799,CHA-DK,83,6193.529383145663,MPA_UnitFixedPrice,Fixed / Unit Price,6897.028497035133,89.8
DK,70201799,MRR-DK,4,703.49911388947,MPA_UnitFixedPrice,Fixed / Unit Price,6897.028497035133,10.2
DK,70202555,KMA-DK,34,31024.291221542237,MPA_UnitFixedPrice,Fixed / Unit Price,31024.291221542237,100.0
DK,70202955,MRR-DK,1,411.15669240669246,MPA_UnitFixedPrice,Fixed / Unit Price,411.15669240669246,100.0
DK,70202999,CHA-DK,24,1312.2931125433531,MPA_UnitFixedPrice,Fixed / Unit Price,1312.2931125433531,100.0
DK,70203700,DKR-DK,1,-40.161143286143286,MPA_UnitFixedPrice,Fixed / Unit Price,-40.161143286143286,100.0
DK,70204939,B2B-DK,5,2505.8219674951824,MPA_UnitFixedPrice,Fixed / Unit Price,2505.8219674951824,100.0
DK,70205161,KMA-DK,23,564.9472989514416,MPA_UnitFixedPrice,Fixed / Unit Price,564.9472989514416,100.0
DK,70207401,B2B-DK,1,148.00155531421368,MPA_UnitFixedPrice,Fixed / Unit Price,148.00155531421368,100.0
DK,70207473,CHA-DK,7,279.9481544419727,MPA_UnitFixedPrice,Fixed / Unit Price,279.9481544419727,100.0
DK,70207780,MRO-DK,16,340.20601664583313,MPA_UnitFixedPrice,Fixed / Unit Price,340.20601664583313,100.0
DK,70208666A,CBE-DK,8,1004.7339659913106,MPA_UnitFixedPrice,Fixed / Unit Price,1725.4597547716617,58.23
DK,70208666A,MPN-DK,11,720.7257887803512,MPA_UnitFixedPrice,Fixed / Unit Price,1725.4597547716617,41.77
DK,70220150,JMU-DK,35,897.4739179686152,MPA_UnitFixedPrice,Fixed / Unit Price,897.4739179686152,100.0
DK,70222118B,BVA-DK,2,106.27793688605777,MPA_UnitFixedPrice,Fixed / Unit Price,375.78118525890403,28.28
DK,70222118B,FRA-DK,8,269.50324837284626,MPA_UnitFixedPrice,Fixed / Unit Price,375.78118525890403,71.72
DK,70222999,DKR-DK,2,102.25414779275778,MPA_UnitFixedPrice,Fixed / Unit Price,102.25414779275778,100.0
DK,70223360,AHE-DK,4,359.9495460234611,MPA_UnitFixedPrice,Fixed / Unit Price,583.7000822739974,61.67
DK,70223360,B2B-DK,3,223.75053625053624,MPA_UnitFixedPrice,Fixed / Unit Price,583.7000822739974,38.33
DK,70230310,MPN-DK,5,290.0754465109496,MPA_UnitFixedPrice,Fixed / Unit Price,290.0754465109496,100.0
DK,70230522,MPE-DK,1,205.70325383099387,MPA_UnitFixedPrice,Fixed / Unit Price,205.70325383099387,100.0
DK,70234949,SGL-DK,1,209.3920874879381,MPA_UnitFixedPrice,Fixed / Unit Price,209.3920874879381,100.0
DK,70239050,MPN-DK,1,13.665594855305466,MPA_UnitFixedPrice,Fixed / Unit Price,13.665594855305466,100.0
DK,70239232A,MPE-DK,1,108.80338787708226,MPA_UnitFixedPrice,Fixed / Unit Price,108.80338787708226,100.0
DK,70252510,MPN-DK,31,10602.003224656799,MPA_UnitFixedPrice,Fixed / Unit Price,10602.003224656799,100.0
DK,70252586B,CBE-DK,15,10725.912475121248,MPA_UnitFixedPrice,Fixed / Unit Price,10725.912475121248,100.0
DK,70262988,MRO-DK,1,-0.10175527855507525,MPA_UnitFixedPrice,Fixed / Unit Price,3.3844807932613876,-3.01
DK,70262988,SLI-DK,1,3.486236071816463,MPA_UnitFixedPrice,Fixed / Unit Price,3.3844807932613876,103.01
DK,70270010,B2B-DK,1,0.01876348625574632,MPA_UnitFixedPrice,Fixed / Unit Price,0.01876348625574632,100.0
DK,70270900A,JMA-DK,1,0.13402849445792175,MPA_UnitFixedPrice,Fixed / Unit Price,0.13402849445792175,100.0
DK,70271822,RET-DK,1,0.34053735185284484,MPA_UnitFixedPrice,Fixed / Unit Price,0.34053735185284484,100.0
DK,70277330,DKR-DK,1,7573.881227132001,MPA_UnitFixedPrice,Fixed / Unit Price,7573.881227132001,100.0
DK,70300330,DKR-DK,1,295.0667541545589,MPA_UnitFixedPrice,Fixed / Unit Price,805.3288542365915,36.64
DK,70300330,MRO-DK,1,177.11888261866153,MPA_UnitFixedPrice,Fixed / Unit Price,805.3288542365915,21.99
DK,70300330,SLI-DK,16,333.1432174633711,MPA_UnitFixedPrice,Fixed / Unit Price,805.3288542365915,41.37
DK,70500606,BVA-DK,1,235.58541677820023,MPA_UnitFixedPrice,Fixed / Unit Price,535.9712252309984,43.95
DK,70500606,POS-DK,2,300.38580845279813,MPA_UnitFixedPrice,Fixed / Unit Price,535.9712252309984,56.05
DK,70666566,B2B-DK,1,0.013409499289296538,MPA_UnitFixedPrice,Fixed / Unit Price,0.013409499289296538,100.0
DK,71745745,B2B-DK,3,50.90339212051843,MPA_UnitFixedPrice,Fixed / Unit Price,56.51858396173849,90.06
DK,71745745,SLI-DK,1,5.615191841220062,MPA_UnitFixedPrice,Fixed / Unit Price,56.51858396173849,9.94
DK,71992520,POS-DK,4,31.03439036480313,MPA_UnitFixedPrice,Fixed / Unit Price,31.03439036480313,100.0
DK,71996868,KMA-DK,7,273.58613417259863,MPA_UnitFixedPrice,Fixed / Unit Price,273.58613417259863,100.0
DK,71998999,KMA-DK,43,4802.795320228535,MPA_UnitFixedPrice,Fixed / Unit Price,4802.795320228535,100.0
DK,72170150,MPN-DK,6,1849.463718331385,MPA_UnitFixedPrice,Fixed / Unit Price,1849.463718331385,100.0
DK,72170194,CHA-DK,1,148.6963970233953,MPA_UnitFixedPrice,Fixed / Unit Price,148.6963970233953,100.0
DK,72183360,KMA-DK,3,533.5174252269095,MPA_UnitFixedPrice,Fixed / Unit Price,533.5174252269095,100.0
DK,72220211,BVA-DK,1,43.636412301597915,MPA_UnitFixedPrice,Fixed / Unit Price,178.74370694695958,24.41
DK,72220211,FRA-DK,6,135.10729464536166,MPA_UnitFixedPrice,Fixed / Unit Price,178.74370694695958,75.59
DK,73425050,B2B-DK,1,0.014746889746889747,MPA_UnitFixedPrice,Fixed / Unit Price,0.014746889746889747,100.0
DK,73709295,MPE-DK,4,400.73000535378105,MPA_UnitFixedPrice,Fixed / Unit Price,400.73000535378105,100.0
DK,74123200,CBE-DK,10,1190.0351506540017,MPA_UnitFixedPrice,Fixed / Unit Price,1190.0351506540017,100.0
DK,74561340,MPE-DK,10,2994.722491045365,MPA_UnitFixedPrice,Fixed / Unit Price,2994.722491045365,100.0
DK,75381414,CHA-DK,2,48.17476783231286,MPA_UnitFixedPrice,Fixed / Unit Price,48.17476783231286,100.0
DK,75502035,JMA-DK,43,244.06329648506917,MPA_UnitFixedPrice,Fixed / Unit Price,244.06329648506917,100.0
DK,75624577,CBE-DK,22,1979.6257105244556,MPA_UnitFixedPrice,Fixed / Unit Price,1979.6257105244556,100.0
DK,75631010,JMA-DK,5,43.8214461614335,MPA_UnitFixedPrice,Fixed / Unit Price,43.8214461614335,100.0
DK,75642700A,JMA-DK,1,0.013401232913428037,MPA_UnitFixedPrice,Fixed / Unit Price,0.013401232913428037,100.0
DK,75723211,JMA-DK,2,0.26824034334763946,MPA_UnitFixedPrice,Fixed / Unit Price,0.26824034334763946,100.0
DK,75890800,FRA-DK,7,76.04245275168131,MPA_UnitFixedPrice,Fixed / Unit Price,76.04245275168131,100.0
DK,76123200,DKR-DK,1,240.23379896506424,MPA_UnitFixedPrice,Fixed / Unit Price,240.23379896506424,100.0
DK,76244040,LVE-DK,2,167.0928784693864,MPA_UnitFixedPrice,Fixed / Unit Price,431.6580346754095,38.71
DK,76244040,SGL-DK,1,264.5651562060231,MPA_UnitFixedPrice,Fixed / Unit Price,431.6580346754095,61.29
DK,76245214A,CBE-DK,7,29321.71142433869,MPA_UnitFixedPrice,Fixed / Unit Price,29321.71142433869,100.0
DK,76498300A,FRA-DK,1,280.5603968360371,MPA_UnitFixedPrice,Fixed / Unit Price,280.5603968360371,100.0
DK,76602319,B2B-DK,1,0.014746889746889747,MPA_UnitFixedPrice,Fixed / Unit Price,0.014746889746889747,100.0
DK,76710000,KMA-DK,19,3204.584218763899,MPA_UnitFixedPrice,Fixed / Unit Price,3204.584218763899,100.0
DK,76760260,BVA-DK,26,1021.1677085112974,MPA_UnitFixedPrice,Fixed / Unit Price,1244.51210830325,82.05
DK,76760260,POS-DK,4,223.34439979195253,MPA_UnitFixedPrice,Fixed / Unit Price,1244.51210830325,17.95
DK,77348330,B2B-DK,25,2505.0898554981027,MPA_UnitFixedPrice,Fixed / Unit Price,2505.0898554981027,100.0
DK,79140700A,B2B-DK,1,4.68835813698043,MPA_UnitFixedPrice,Fixed / Unit Price,4.68835813698043,100.0
DK,79247924,MPE-DK,2,40.767161422433915,MPA_UnitFixedPrice,Fixed / Unit Price,40.767161422433915,100.0
DK,79420100,MPE-DK,14,19907.277367456354,MPA_UnitFixedPrice,Fixed / Unit Price,19907.277367456354,100.0
DK,81655620,SEC-DK,2,548.9838223067081,MPA_UnitFixedPrice,Fixed / Unit Price,548.9838223067081,100.0
DK,81818165,B2B-DK,1,0.0013384014133518926,MPA_UnitFixedPrice,Fixed / Unit Price,0.0013384014133518926,100.0
DK,82194444,KMA-DK,3,60.12730388590343,MPA_UnitFixedPrice,Fixed / Unit Price,60.12730388590343,100.0
DK,86442211,BVA-DK,1,1294.2307434829765,MPA_UnitFixedPrice,Fixed / Unit Price,42354.703825484765,3.06
DK,86442211,FRA-DK,88,41060.47308200179,MPA_UnitFixedPrice,Fixed / Unit Price,42354.703825484765,96.94
DK,86615480,B2B-DK,1,0.013406263406263406,MPA_UnitFixedPrice,Fixed / Unit Price,0.013406263406263406,100.0
DK,86988660,B2B-DK,4,321.9013150745891,MPA_UnitFixedPrice,Fixed / Unit Price,1176.2283185884764,27.37
DK,86988660,DKR-DK,8,854.3270035138873,MPA_UnitFixedPrice,Fixed / Unit Price,1176.2283185884764,72.63
DK,87341334,IFO-DK,1,-2.9717562570341394,MPA_UnitFixedPrice,Fixed / Unit Price,-2.9717562570341394,100.0
DK,87425200,MIJ-DK,5,36.079503571763624,MPA_UnitFixedPrice,Fixed / Unit Price,36.079503571763624,100.0
DK,87459900,MIJ-DK,14,22994.43519899081,MPA_UnitFixedPrice,Fixed / Unit Price,22994.43519899081,100.0
DK,87490077,UWH-DK,1,0.0,MPA_UnitFixedPrice,Fixed / Unit Price,0.0,
DK,87578075,RET-DK,1,0.01474135620477084,MPA_UnitFixedPrice,Fixed / Unit Price,0.01474135620477084,100.0
DK,87646000A,MPE-DK,29,39509.0715528156,MPA_UnitFixedPrice,Fixed / Unit Price,39509.0715528156,100.0
DK,88700900,JMU-DK,51,2446.087559998025,MPA_UnitFixedPrice,Fixed / Unit Price,2446.087559998025,100.0
DK,88807730,FRA-DK,4,-385.4239015729504,MPA_UnitFixedPrice,Fixed / Unit Price,-385.4239015729504,100.0
DK,89881957,JMU-DK,2,97.05010552499292,MPA_UnitFixedPrice,Fixed / Unit Price,97.05010552499292,100.0
DK,92154494,JMA-DK,1,0.13402849445792175,MPA_UnitFixedPrice,Fixed / Unit Price,0.13402849445792175,100.0
DK,96130000,B2B-DK,3,172.72787634912447,MPA_UnitFixedPrice,Fixed / Unit Price,168.4461266331684,102.54
DK,96130000,KMA-DK,2,-4.281749715956056,MPA_UnitFixedPrice,Fixed / Unit Price,168.4461266331684,-2.54
DK,96239899,RET-DK,1,0.013406263406263406,MPA_UnitFixedPrice,Fixed / Unit Price,0.013406263406263406,100.0
DK,96317790B,ERO-DK,1,1.0722135849461214,MPA_UnitFixedPrice,Fixed / Unit Price,40.691899927369846,2.63
DK,96317790B,KMA-DK,2,39.619686342423726,MPA_UnitFixedPrice,Fixed / Unit Price,40.691899927369846,97.37
DK,96327070,JMA-DK,1,0.1340680261164515,MPA_UnitFixedPrice,Fixed / Unit Price,0.1340680261164515,100.0
DK,96338600A,B2B-DK,1,10.043252942673112,MPA_UnitFixedPrice,Fixed / Unit Price,10.043252942673112,100.0
DK,96443315,MPE-DK,1,279.8074731521576,MPA_UnitFixedPrice,Fixed / Unit Price,279.8074731521576,100.0
DK,96730800,B2B-DK,1,4.1293505657745575,MPA_UnitFixedPrice,Fixed / Unit Price,4.1293505657745575,100.0
DK,96950000A,IFO-DK,1,1064.3394329378639,MPA_UnitFixedPrice,Fixed / Unit Price,1064.3394329378639,100.0
DK,97123122,POS-DK,1,0.13401412508878435,MPA_UnitFixedPrice,Fixed / Unit Price,0.13401412508878435,100.0
DK,97269988,JMA-DK,1,0.013402849445792175,MPA_UnitFixedPrice,Fixed / Unit Price,0.013402849445792175,100.0
DK,97410034,JMA-DK,4,0.41549066849937183,MPA_UnitFixedPrice,Fixed / Unit Price,0.41549066849937183,100.0
DK,97514141,JMA-DK,2,6.452260499478038,MPA_UnitFixedPrice,Fixed / Unit Price,6.452260499478038,100.0
DK,97535375,B2B-DK,1,69.42927508298534,MPA_UnitFixedPrice,Fixed / Unit Price,69.42927508298534,100.0
DK,98109440,JMA-DK,10,31.48864007497339,MPA_UnitFixedPrice,Fixed / Unit Price,31.48864007497339,100.0
DK,98423800,B2B-DK,1,45.378139996246745,MPA_UnitFixedPrice,Fixed / Unit Price,45.378139996246745,100.0
DK,98444922,DKR-DK,1,8.993759541473604,MPA_UnitFixedPrice,Fixed / Unit Price,8.993759541473604,100.0
DK,98575701,JMA-DK,2,0.147454700701858,MPA_UnitFixedPrice,Fixed / Unit Price,0.147454700701858,100.0
DK,98935200A,JMA-DK,2,0.147454700701858,MPA_UnitFixedPrice,Fixed / Unit Price,0.147454700701858,100.0
DK,99364000,SEC-DK,1,267.0292427428969,MPA_UnitFixedPrice,Fixed / Unit Price,267.0292427428969,100.0
DK,ELB3376,MHO-DK,2,0.0,MPA_UnitFixedPrice,Fixed / Unit Price,0.0,
DK,003544640060,SEC-DK,1,73.60865369149107,MPA_CustomerAgreement,Local Profile,73.60865369149107,100.0
DK,003546630423,SEC-DK,1,659.5724732795798,MPA_CustomerAgreement,Local Profile,1789.7201147886285,36.85
DK,003546630423,UWH-DK,9,1130.1476415090488,MPA_CustomerAgreement,Local Profile,1789.7201147886285,63.15
DK,1021,PERSONALE,14,648.8211191046997,MPA_CustomerAgreement,Local Profile,648.8211191046997,100.0
DK,1187,PERSONALE,1,0.0,MPA_CustomerAgreement,Local Profile,0.0,
DK,1188,PERSONALE,6,106.12375969198999,MPA_CustomerAgreement,Local Profile,106.12375969198999,100.0
DK,1199,PERSONALE,10,212.57452945135776,MPA_CustomerAgreement,Local Profile,212.57452945135776,100.0
DK,1208,PERSONALE,1,-0.08044189413846656,MPA_CustomerAgreement,Local Profile,-0.08044189413846656,100.0
DK,1225,PERSONALE,1,10.782161785962847,MPA_CustomerAgreement,Local Profile,10.782161785962847,100.0
DK,1244,PERSONALE,9,176.2597087189442,MPA_CustomerAgreement,Local Profile,176.2597087189442,100.0
DK,1258,PERSONALE,3,16.079098138775073,MPA_CustomerAgreement,Local Profile,16.079098138775073,100.0
DK,1259,PERSONALE,7,58.429802558542114,MPA_CustomerAgreement,Local Profile,58.429802558542114,100.0
DK,1263,PERSONALE,26,34.64755238072621,MPA_CustomerAgreement,Local Profile,34.64755238072621,100.0
DK,1269,PERSONALE,23,4051.9243137502003,MPA_CustomerAgreement,Local Profile,4051.9243137502003,100.0
DK,1271,PERSONALE,5,105.28225438342788,MPA_CustomerAgreement,Local Profile,105.28225438342788,100.0
DK,1279,PERSONALE,21,416.5885460762986,MPA_CustomerAgreement,Local Profile,416.5885460762986,100.0
DK,1280,PERSONALE,9,662.4502890136067,MPA_CustomerAgreement,Local Profile,662.4502890136067,100.0
DK,20000,SEC-DK,23,27303.669912095997,MPA_CustomerAgreement,Local Profile,27761.14105025643,98.35
DK,20000,UWH-DK,3,457.4711381604303,MPA_CustomerAgreement,Local Profile,27761.14105025643,1.65
DK,20004,B2B-DK,1,53.625053625053624,MPA_CustomerAgreement,Local Profile,53.625053625053624,100.0
DK,20015,DKR-DK,2,-28.675402676966854,MPA_CustomerAgreement,Local Profile,-28.675402676966854,100.0
DK,20026,SEC-DK,4,117.53761443851656,MPA_CustomerAgreement,Local Profile,117.53761443851656,100.0
DK,20047,SEC-DK,24,9686.52727447902,MPA_CustomerAgreement,Local Profile,16309.718762564682,59.39
DK,20047,UWH-DK,14,6623.191488085662,MPA_CustomerAgreement,Local Profile,16309.718762564682,40.61
DK,20132,UWH-DK,1,427.4993633475855,MPA_CustomerAgreement,Local Profile,427.4993633475855,100.0
DK,20134,MIJ-DK,2,-264.01151912889685,MPA_CustomerAgreement,Local Profile,-264.01151912889685,100.0
DK,20177,DKR-DK,1,1.43527204502814,MPA_CustomerAgreement,Local Profile,1.43527204502814,100.0
DK,20188,PAV-DK,3,15.282964645606647,MPA_CustomerAgreement,Local Profile,15.282964645606647,100.0
DK,20234,SEC-DK,1,-127.39801321839853,MPA_CustomerAgreement,Local Profile,-127.39801321839853,100.0
DK,20267,MPE-DK,2,286.17811047257175,MPA_CustomerAgreement,Local Profile,286.17811047257175,100.0
DK,20313,B2B-DK,1,-9.205710838528,MPA_CustomerAgreement,Local Profile,-9.205710838528,100.0
DK,20326,SEC-DK,9,-3197.6313836471563,MPA_CustomerAgreement,Local Profile,-3409.3764687648177,93.79
DK,20326,UWH-DK,4,-211.74508511766138,MPA_CustomerAgreement,Local Profile,-3409.3764687648177,6.21
DK,20358,B2B-DK,4,2922.4140866707066,MPA_CustomerAgreement,Local Profile,3834.5194521938506,76.21
DK,20358,DKR-DK,9,912.105365523144,MPA_CustomerAgreement,Local Profile,3834.5194521938506,23.79
DK,20436,B2B-DK,1,0.013406263406263406,MPA_CustomerAgreement,Local Profile,0.013406263406263406,100.0
DK,20485,MPE-DK,1,266.4200806765033,MPA_CustomerAgreement,Local Profile,1309.6483604594077,20.34
DK,20485,UWH-DK,15,1043.2282797829046,MPA_CustomerAgreement,Local Profile,1309.6483604594077,79.66
DK,20523,MIJ-DK,3,4171.0722366219015,MPA_CustomerAgreement,Local Profile,4171.0722366219015,100.0
DK,20575,MPE-DK,121,90325.55631999567,MPA_CustomerAgreement,Local Profile,90325.55631999567,100.0
DK,20591,B2B-DK,1,0.005362289697700918,MPA_CustomerAgreement,Local Profile,0.005362289697700918,100.0
DK,20645,B2B-DK,2,2.1444271698922424,MPA_CustomerAgreement,Local Profile,2.1444271698922424,100.0
DK,20677,MPE-DK,4,599.2229679943198,MPA_CustomerAgreement,Local Profile,599.2229679943198,100.0
DK,20716,B2B-DK,1,0.10993725532257198,MPA_CustomerAgreement,Local Profile,0.10993725532257198,100.0
DK,20719512,CHA-DK,1,0.2946967971816274,MPA_CustomerAgreement,Local Profile,0.2946967971816274,100.0
DK,20721,UWH-DK,1,67.03131703131703,MPA_CustomerAgreement,Local Profile,67.03131703131703,100.0
DK,20724968,B2B-DK,2,4.173535442885287,MPA_CustomerAgreement,Local Profile,4.173535442885287,100.0
DK,20741,PERSONALE,5,172.7451689365634,MPA_CustomerAgreement,Local Profile,172.7451689365634,100.0
DK,20746692A,CHA-DK,9,42.46829577828686,MPA_CustomerAgreement,Local Profile,42.46829577828686,100.0
DK,20766,BVA-DK,1,0.13401232913428035,MPA_CustomerAgreement,Local Profile,0.13401232913428035,100.0
DK,20770,MPE-DK,5,1119.5154248071642,MPA_CustomerAgreement,Local Profile,1119.5154248071642,100.0
DK,20771,B2B-DK,5,1052.2775875192463,MPA_CustomerAgreement,Local Profile,1052.2775875192463,100.0
DK,20798,JMU-DK,2,49.4478987993139,MPA_CustomerAgreement,Local Profile,49.4478987993139,100.0
DK,21248689,DKR-DK,4,0.08445229515526875,MPA_CustomerAgreement,Local Profile,0.08445229515526875,100.0
DK,21868,CHA-DK,1,2326.5555883220286,MPA_CustomerAgreement,Local Profile,2326.5555883220286,100.0
DK,21871,SEC-DK,9,265.816554257388,MPA_CustomerAgreement,Local Profile,265.816554257388,100.0
DK,21886,DKR-DK,2,1242.2167124572807,MPA_CustomerAgreement,Local Profile,1242.2167124572807,100.0
DK,21901,PAV-DK,2,174.50948858153748,MPA_CustomerAgreement,Local Profile,174.50948858153748,100.0
DK,21916686,B2B-DK,4,694.5234455812428,MPA_CustomerAgreement,Local Profile,694.5234455812428,100.0
DK,21933,BVA-DK,2,10.508095884737491,MPA_CustomerAgreement,Local Profile,10.508095884737491,100.0
DK,21961,MPE-DK,1,46.90934434139281,MPA_CustomerAgreement,Local Profile,465.4023940324157,10.08
DK,21961,SEC-DK,1,418.4930496910229,MPA_CustomerAgreement,Local Profile,465.4023940324157,89.92
DK,21994,B2B-DK,4,645.2655116086012,MPA_CustomerAgreement,Local Profile,645.2655116086012,100.0
DK,22034,SEC-DK,8,1414.0168047142715,MPA_CustomerAgreement,Local Profile,1414.0168047142715,100.0
DK,22045,FGI-DK,12,388.2531992464195,MPA_CustomerAgreement,Local Profile,388.2531992464195,100.0
DK,22051,FGI-DK,5,-24.119533403055996,MPA_CustomerAgreement,Local Profile,-24.119533403055996,100.0
DK,22127,SEC-DK,27,6460.49879388965,MPA_CustomerAgreement,Local Profile,6460.49879388965,100.0
DK,22132,PERSONALE,1,129.54417708305454,MPA_CustomerAgreement,Local Profile,129.54417708305454,100.0
DK,22156,KMA-DK,16,163.67423411842438,MPA_CustomerAgreement,Local Profile,163.67423411842438,100.0
DK,22225289,LVE-DK,13,301.96788059788804,MPA_CustomerAgreement,Local Profile,558.4000541176879,54.08
DK,22225289,UWH-DK,3,256.43217351979985,MPA_CustomerAgreement,Local Profile,558.4000541176879,45.92
DK,22581,B2B-DK,1,71.05668411960845,MPA_CustomerAgreement,Local Profile,71.05668411960845,100.0
DK,22606014A,CBE-DK,1,30.82861968206311,MPA_CustomerAgreement,Local Profile,30.82861968206311,100.0
DK,22634,B2B-DK,5,1856.1537406699924,MPA_CustomerAgreement,Local Profile,1856.1537406699924,100.0
DK,22665,UWH-DK,8,140.07617824776216,MPA_CustomerAgreement,Local Profile,140.07617824776216,100.0
DK,22875,B2B-DK,1,0.013401232913428037,MPA_CustomerAgreement,Local Profile,0.013401232913428037,100.0
DK,22891,B2B-DK,1,0.020082740892477004,MPA_CustomerAgreement,Local Profile,0.020082740892477004,100.0
DK,23086,B2B-DK,1,0.013406263406263406,MPA_CustomerAgreement,Local Profile,0.013406263406263406,100.0
DK,23158,B2B-DK,3,40.22094706923366,MPA_CustomerAgreement,Local Profile,40.22094706923366,100.0
DK,23197,B2B-DK,1,3.74278559663618,MPA_CustomerAgreement,Local Profile,3.74278559663618,100.0
DK,23239,DKR-DK,9,2324.072805226978,MPA_CustomerAgreement,Local Profile,2324.072805226978,100.0
DK,23311,DKR-DK,1,0.013401232913428037,MPA_CustomerAgreement,Local Profile,0.013401232913428037,100.0
DK,23329,B2B-DK,1,67.20944869236854,MPA_CustomerAgreement,Local Profile,964.54821057442,6.97
DK,23329,UWH-DK,9,897.3387618820514,MPA_CustomerAgreement,Local Profile,964.54821057442,93.03
DK,23493,B2B-DK,1,313.0106345932335,MPA_CustomerAgreement,Local Profile,313.0106345932335,100.0
DK,23502,MRO-DK,3,-63.35962071163554,MPA_CustomerAgreement,Local Profile,-63.35962071163554,100.0
DK,23505,SGL-DK,14,2745.7958145642797,MPA_CustomerAgreement,Local Profile,2745.7958145642797,100.0
DK,23547,PERSONALE,18,208.5084926073691,MPA_CustomerAgreement,Local Profile,208.5084926073691,100.0
DK,23565,B2B-DK,2,12.330801230447172,MPA_CustomerAgreement,Local Profile,15.489668967931598,79.61
DK,23565,IFO-DK,1,3.1588677374844267,MPA_CustomerAgreement,Local Profile,15.489668967931598,20.39
DK,23597,SGL-DK,1,1309.5792732780228,MPA_CustomerAgreement,Local Profile,4543.401934550369,28.82
DK,23597,UWH-DK,7,3233.822661272346,MPA_CustomerAgreement,Local Profile,4543.401934550369,71.18
DK,23605,DKR-DK,7,2369.77178930457,MPA_CustomerAgreement,Local Profile,2369.77178930457,100.0
DK,23621,B2B-DK,1,0.012064666613045925,MPA_CustomerAgreement,Local Profile,0.012064666613045925,100.0
DK,23625,KMA-DK,13,2310.634509880362,MPA_CustomerAgreement,Local Profile,2310.634509880362,100.0
DK,23706,SEC-DK,2,607.8168857452509,MPA_CustomerAgreement,Local Profile,607.8168857452509,100.0
DK,23710,B2B-DK,5,315.6521909970315,MPA_CustomerAgreement,Local Profile,315.6521909970315,100.0
DK,23719,CHA-DK,2,2.4130950625393806,MPA_CustomerAgreement,Local Profile,2.4130950625393806,100.0
DK,23723,PERSONALE,35,879.2682824365563,MPA_CustomerAgreement,Local Profile,879.2682824365563,100.0
DK,23737,DKR-DK,1,0.013405185125606584,MPA_CustomerAgreement,Local Profile,0.013405185125606584,100.0
DK,23742,MIJ-DK,2,3.3077242803319784,MPA_CustomerAgreement,Local Profile,26.30977552113156,12.57
DK,23742,PAV-DK,5,23.00205124079958,MPA_CustomerAgreement,Local Profile,26.30977552113156,87.43
DK,23747,B2B-DK,1,68.39932445111646,MPA_CustomerAgreement,Local Profile,1391.9195215350244,4.91
DK,23747,DKR-DK,2,1323.520197083908,MPA_CustomerAgreement,Local Profile,1391.9195215350244,95.09
DK,23752,B2B-DK,1,112.69726345145676,MPA_CustomerAgreement,Local Profile,112.69726345145676,100.0
DK,23755,B2B-DK,4,107.17457158769251,MPA_CustomerAgreement,Local Profile,107.17457158769251,100.0
DK,23770,SEC-DK,3,297.8592206329844,MPA_CustomerAgreement,Local Profile,297.8592206329844,100.0
DK,23776,B2B-DK,1,59.11071193983833,MPA_CustomerAgreement,Local Profile,59.11071193983833,100.0
DK,23794,B2B-DK,1,0.013404646050321042,MPA_CustomerAgreement,Local Profile,0.013404646050321042,100.0
DK,23829,SEC-DK,2,97.78218503479229,MPA_CustomerAgreement,Local Profile,97.78218503479229,100.0
DK,23843,KMA-DK,21,972.9336007488743,MPA_CustomerAgreement,Local Profile,972.9336007488743,100.0
DK,23845,PERSONALE,1,-0.1191863190175834,MPA_CustomerAgreement,Local Profile,-0.1191863190175834,100.0
DK,23846,PERSONALE,7,1994.1522695642395,MPA_CustomerAgreement,Local Profile,1994.1522695642395,100.0
DK,23876,PERSONALE,4,15.256959314775159,MPA_CustomerAgreement,Local Profile,15.256959314775159,100.0
DK,23882,B2B-DK,2,15.523402450891048,MPA_CustomerAgreement,Local Profile,15.523402450891048,100.0
DK,23883,B2B-DK,1,76.3573524092754,MPA_CustomerAgreement,Local Profile,76.3573524092754,100.0
DK,23887,AHE-DK,2,22.178180698206948,MPA_CustomerAgreement,Local Profile,22.178180698206948,100.0
DK,23888,B2B-DK,1,0.002679133568204043,MPA_CustomerAgreement,Local Profile,0.002679133568204043,100.0
DK,23893,B2B-DK,8,71.73267366846676,MPA_CustomerAgreement,Local Profile,71.73267366846676,100.0
DK,23909,SEC-DK,4,-3597.5600083109243,MPA_CustomerAgreement,Local Profile,-3597.5600083109243,100.0
DK,23911164,B2B-DK,1,16.229328044171634,MPA_CustomerAgreement,Local Profile,884.5410477009816,1.83
DK,23911164,IFO-DK,13,868.3117196568099,MPA_CustomerAgreement,Local Profile,884.5410477009816,98.17
DK,23918,MPE-DK,5,455.7914773260412,MPA_CustomerAgreement,Local Profile,540.2588613294209,84.37
DK,23918,SEC-DK,3,84.46738400337969,MPA_CustomerAgreement,Local Profile,540.2588613294209,15.63
DK,23921,DKR-DK,10,255.02186494555227,MPA_CustomerAgreement,Local Profile,255.02186494555227,100.0
DK,23927,MIJ-DK,1,105.88960673404283,MPA_CustomerAgreement,Local Profile,105.88960673404283,100.0
DK,23958,B2B-DK,1,6.561591922546434,MPA_CustomerAgreement,Local Profile,6.561591922546434,100.0
DK,23989,B2B-DK,7,58.44302810076302,MPA_CustomerAgreement,Local Profile,58.44302810076302,100.0
DK,23990,B2B-DK,1,0.020110473534616827,MPA_CustomerAgreement,Local Profile,0.020110473534616827,100.0
DK,24002,B2B-DK,2,0.23307868106056356,MPA_CustomerAgreement,Local Profile,0.23307868106056356,100.0
DK,24007,JMU-DK,50,4720.064998570192,MPA_CustomerAgreement,Local Profile,4720.064998570192,100.0
DK,24012,MPE-DK,23,5001.317837489573,MPA_CustomerAgreement,Local Profile,5001.317837489573,100.0
DK,24016,B2B-DK,2,0.9786078134271916,MPA_CustomerAgreement,Local Profile,0.9786078134271916,100.0
DK,24021,B2B-DK,1,0.00670349117820561,MPA_CustomerAgreement,Local Profile,0.00670349117820561,100.0
DK,24031,B2B-DK,1,6.327249353884061,MPA_CustomerAgreement,Local Profile,6.327249353884061,100.0
DK,24133,SEC-DK,11,603.2228132179497,MPA_CustomerAgreement,Local Profile,603.2228132179497,100.0
DK,24160,MPE-DK,3,-1696.0357611285096,MPA_CustomerAgreement,Local Profile,-1696.0357611285096,100.0
DK,24166,PERSONALE,1,1.1537637862726202,MPA_CustomerAgreement,Local Profile,1.1537637862726202,100.0
DK,24228,CBE-DK,2,633.5992290807859,MPA_CustomerAgreement,Local Profile,633.5992290807859,100.0
DK,25376316,B2B-DK,8,151.93006712946462,MPA_CustomerAgreement,Local Profile,260.27658511719153,58.37
DK,25376316,DKR-DK,5,35.922992040330186,MPA_CustomerAgreement,Local Profile,260.27658511719153,13.8
DK,25376316,ERO-DK,2,72.42352594739673,MPA_CustomerAgreement,Local Profile,260.27658511719153,27.83
DK,25444662,B2B-DK,5,415.2463074349124,MPA_CustomerAgreement,Local Profile,627.0832441262055,66.22
DK,25444662,DKR-DK,3,211.83693669129303,MPA_CustomerAgreement,Local Profile,627.0832441262055,33.78
DK,25590190,POS-DK,1,0.012061756191701512,MPA_CustomerAgreement,Local Profile,0.012061756191701512,100.0
DK,26161726,JMU-DK,14,2058.227053052108,MPA_CustomerAgreement,Local Profile,2058.227053052108,100.0
DK,26170208,DKR-DK,1,8.863182980546524,MPA_CustomerAgreement,Local Profile,8.863182980546524,100.0
DK,26874417,B2B-DK,1,-123.18239027394692,MPA_CustomerAgreement,Local Profile,-123.18239027394692,100.0
DK,27112278,MPE-DK,36,5260.168554185289,MPA_CustomerAgreement,Local Profile,5260.168554185289,100.0
DK,27149250,MRO-DK,18,7.362288192518513,MPA_CustomerAgreement,Local Profile,231.32492049892622,3.18
DK,27149250,SLI-DK,15,223.9626323064077,MPA_CustomerAgreement,Local Profile,231.32492049892622,96.82
DK,27288860A,B2B-DK,12,34.262770477854275,MPA_CustomerAgreement,Local Profile,175.03608522017208,19.57
DK,27288860A,DKR-DK,1,140.7733147423178,MPA_CustomerAgreement,Local Profile,175.03608522017208,80.43
DK,28771095,JMA-DK,1,-90.08767461189909,MPA_CustomerAgreement,Local Profile,-90.08767461189909,100.0
DK,29462660,CHA-DK,8,72.26013838154911,MPA_CustomerAgreement,Local Profile,72.26013838154911,100.0
DK,298344000,MPN-DK,5,743.3650509704594,MPA_CustomerAgreement,Local Profile,743.3650509704594,100.0
DK,298351220A,UWH-DK,1,316.9623104460802,MPA_CustomerAgreement,Local Profile,316.9623104460802,100.0
DK,298352182,SEC-DK,3,-186.82708816452637,MPA_CustomerAgreement,Local Profile,-186.82708816452637,100.0
DK,298471900,UWH-DK,1,-844.1757269448875,MPA_CustomerAgreement,Local Profile,-844.1757269448875,100.0
DK,298474444,UWH-DK,2,1647.2931209967714,MPA_CustomerAgreement,Local Profile,1647.2931209967714,100.0
DK,298505057,UWH-DK,5,776.1784261336795,MPA_CustomerAgreement,Local Profile,776.1784261336795,100.0
DK,298550055,UWH-DK,8,1226.1919802768352,MPA_CustomerAgreement,Local Profile,1226.1919802768352,100.0
DK,29861033,PAV-DK,2,16.991098241098243,MPA_CustomerAgreement,Local Profile,16.991098241098243,100.0
DK,299322111,B2B-DK,2,490.4749142367067,MPA_CustomerAgreement,Local Profile,490.4749142367067,100.0
DK,299342670,KMA-DK,3,-2.118706171162426,MPA_CustomerAgreement,Local Profile,-2.118706171162426,100.0
DK,299365500,DKR-DK,3,188.8842709282995,MPA_CustomerAgreement,Local Profile,188.8842709282995,100.0
DK,299551427,B2B-DK,6,21.70061201598456,MPA_CustomerAgreement,Local Profile,21.70061201598456,100.0
DK,30283773,FRA-DK,12,-674.5312685560048,MPA_CustomerAgreement,Local Profile,-674.4603898502925,100.01
DK,30283773,POS-DK,6,0.07087870571226415,MPA_CustomerAgreement,Local Profile,-674.4603898502925,-0.01
DK,30295256,CHA-DK,16,4668.806265126512,MPA_CustomerAgreement,Local Profile,7531.019359705329,61.99
DK,30295256,MRR-DK,6,2862.2130945788176,MPA_CustomerAgreement,Local Profile,7531.019359705329,38.01
DK,30321889,CBE-DK,1,4.022040783493544,MPA_CustomerAgreement,Local Profile,4.022040783493544,100.0
DK,30918787,SEC-DK,3,173.14732903366706,MPA_CustomerAgreement,Local Profile,173.14732903366706,100.0
DK,31228313,ERO-DK,2,38.34049812150046,MPA_CustomerAgreement,Local Profile,38.34049812150046,100.0
DK,31502451,B2B-DK,1,0.03886565883992709,MPA_CustomerAgreement,Local Profile,0.03886565883992709,100.0
DK,32110555,LVE-DK,11,365.9492550297636,MPA_CustomerAgreement,Local Profile,878.1560155592588,41.67
DK,32110555,RET-DK,1,0.013401232913428037,MPA_CustomerAgreement,Local Profile,878.1560155592588,0.0
DK,32110555,UWH-DK,1,512.1933592965818,MPA_CustomerAgreement,Local Profile,878.1560155592588,58.33
DK,32226060,B2B-DK,2,0.10993639558915237,MPA_CustomerAgreement,Local Profile,0.10993639558915237,100.0
DK,33121212,SEC-DK,3,1391.4584081537523,MPA_CustomerAgreement,Local Profile,1391.4584081537523,100.0
DK,33230099,B2B-DK,11,510.2883127651671,MPA_CustomerAgreement,Local Profile,510.2883127651671,100.0
DK,33366304,B2B-DK,19,88.62134095700407,MPA_CustomerAgreement,Local Profile,88.62134095700407,100.0
DK,33863900,LBN-DK,4,1223.49682067879,MPA_CustomerAgreement,Local Profile,8410.641044661259,14.55
DK,33863900,SEC-DK,2,7187.144223982468,MPA_CustomerAgreement,Local Profile,8410.641044661259,85.45
DK,33912091,IFO-DK,1,-34.304397931016,MPA_CustomerAgreement,Local Profile,61.151936432364764,-56.1
DK,33912091,KMA-DK,2,95.45633436338076,MPA_CustomerAgreement,Local Profile,61.151936432364764,156.1
DK,35250220,B2B-DK,1,6.283684139965143,MPA_CustomerAgreement,Local Profile,6.283684139965143,100.0
DK,3545302474,UWH-DK,10,533.1223953610197,MPA_CustomerAgreement,Local Profile,533.1223953610197,100.0
DK,3545444222,UWH-DK,15,606.4495707373543,MPA_CustomerAgreement,Local Profile,606.4495707373543,100.0
DK,3548970713,SEC-DK,8,467.470331880657,MPA_CustomerAgreement,Local Profile,491.9965855995988,95.01
DK,3548970713,UWH-DK,1,24.52625371894181,MPA_CustomerAgreement,Local Profile,491.9965855995988,4.99
DK,35836800,MIJ-DK,5,39.23855486292646,MPA_CustomerAgreement,Local Profile,76.24133007106707,51.47
DK,35836800,PAV-DK,4,37.00277520814061,MPA_CustomerAgreement,Local Profile,76.24133007106707,48.53
DK,35841213,B2B-DK,1,0.012064666613045925,MPA_CustomerAgreement,Local Profile,0.012064666613045925,100.0
DK,36444200,B2B-DK,1,288.62660944206004,MPA_CustomerAgreement,Local Profile,288.62660944206004,100.0
DK,38146105,B2B-DK,5,55.92820370869094,MPA_CustomerAgreement,Local Profile,59.33496359982478,94.26
DK,38146105,KMA-DK,1,3.4067598911338437,MPA_CustomerAgreement,Local Profile,59.33496359982478,5.74
DK,38185000,SEC-DK,1,194.22030399699756,MPA_CustomerAgreement,Local Profile,194.22030399699756,100.0
DK,38862861,LVE-DK,4,18.224854790999405,MPA_CustomerAgreement,Local Profile,30.620604740960445,59.52
DK,38862861,MPE-DK,2,12.395749949961038,MPA_CustomerAgreement,Local Profile,30.620604740960445,40.48
DK,39163131,SEC-DK,3,125.32586708106155,MPA_CustomerAgreement,Local Profile,125.32586708106155,100.0
DK,39484800,KMA-DK,43,1841.39065264687,MPA_CustomerAgreement,Local Profile,1841.39065264687,100.0
DK,39636051,B2B-DK,1,301.72693291890516,MPA_CustomerAgreement,Local Profile,301.72693291890516,100.0
DK,40186474,DKR-DK,2,33.625875608754065,MPA_CustomerAgreement,Local Profile,33.625875608754065,100.0
DK,40205895,DKR-DK,1,-473.98441474975226,MPA_CustomerAgreement,Local Profile,-473.98441474975226,100.0
DK,40807040,ERO-DK,1,0.0,MPA_CustomerAgreement,Local Profile,0.0,
DK,40888877,B2B-DK,6,96.78918240796271,MPA_CustomerAgreement,Local Profile,96.78918240796271,100.0
DK,40948222,MPE-DK,4,1590.763434211631,MPA_CustomerAgreement,Local Profile,1933.6526978428844,82.27
DK,40948222,SEC-DK,5,342.88926363125347,MPA_CustomerAgreement,Local Profile,1933.6526978428844,17.73
DK,40975656,CBE-DK,19,1757.899663171872,MPA_CustomerAgreement,Local Profile,1757.899663171872,100.0
DK,42433411,BVA-DK,4,66.07396679807977,MPA_CustomerAgreement,Local Profile,66.07396679807977,100.0
DK,42442400,DKR-DK,1,36.00643259179845,MPA_CustomerAgreement,Local Profile,36.00643259179845,100.0
DK,42590101B,JMA-DK,3,18.82989842682175,MPA_CustomerAgreement,Local Profile,18.82989842682175,100.0
DK,42601200,SEC-DK,1,5.706969822905633,MPA_CustomerAgreement,Local Profile,5.706969822905633,100.0
DK,43204700,BVA-DK,14,1745.8976595192476,MPA_CustomerAgreement,Local Profile,5889.335928647341,29.65
DK,43204700,FRA-DK,38,4143.438269128093,MPA_CustomerAgreement,Local Profile,5889.335928647341,70.35
DK,43221100,LVE-DK,4,23.71814964601834,MPA_CustomerAgreement,Local Profile,641.1589788979577,3.7
DK,43221100,SGL-DK,6,617.4408292519394,MPA_CustomerAgreement,Local Profile,641.1589788979577,96.3
DK,43324700,MRO-DK,4,-1976.1204987570043,MPA_CustomerAgreement,Local Profile,-1213.8491769600664,162.8
DK,43324700,SLI-DK,3,762.2713217969379,MPA_CustomerAgreement,Local Profile,-1213.8491769600664,-62.8
DK,43432929,POS-DK,1,0.013401232913428037,MPA_CustomerAgreement,Local Profile,0.013401232913428037,100.0
DK,43434388A,LBN-DK,3,0.0,MPA_CustomerAgreement,Local Profile,267.63822185518393,0.0
DK,43434388A,LVE-DK,53,267.6248190057381,MPA_CustomerAgreement,Local Profile,267.63822185518393,99.99
DK,43434388A,SGL-DK,16,0.013402849445792175,MPA_CustomerAgreement,Local Profile,267.63822185518393,0.01
DK,43666768,CBE-DK,4,514.9258384218517,MPA_CustomerAgreement,Local Profile,514.9258384218517,100.0
DK,43668888,LBN-DK,37,51605.07782143188,MPA_CustomerAgreement,Local Profile,51613.659325608656,99.98
DK,43668888,LVE-DK,1,8.581504176778985,MPA_CustomerAgreement,Local Profile,51613.659325608656,0.02
DK,43692725A,CBE-DK,6,2639.1210932636054,MPA_CustomerAgreement,Local Profile,2639.1210932636054,100.0
DK,43865000,LBN-DK,4,-90.48084728557866,MPA_CustomerAgreement,Local Profile,-90.48084728557866,100.0
DK,44579300,SGL-DK,7,107.00899092040986,MPA_CustomerAgreement,Local Profile,107.00899092040986,100.0
DK,44683456,B2B-DK,1,2.501071122536427,MPA_CustomerAgreement,Local Profile,2.501071122536427,100.0
DK,44774477,MPE-DK,28,7989.470557667381,MPA_CustomerAgreement,Local Profile,7989.470557667381,100.0
DK,44831600,B2B-DK,1,0.013406263406263406,MPA_CustomerAgreement,Local Profile,0.013406263406263406,100.0
DK,44835000,AHE-DK,324,68939.76226580367,MPA_CustomerAgreement,Local Profile,68939.76226580367,100.0
DK,44841444A,SEC-DK,9,333.49580921231683,MPA_CustomerAgreement,Local Profile,333.49580921231683,100.0
DK,44882900,B2B-DK,1,488.4213204086279,MPA_CustomerAgreement,Local Profile,488.4213204086279,100.0
DK,44940222,B2B-DK,1,0.013405724244252296,MPA_CustomerAgreement,Local Profile,0.013405724244252296,100.0
DK,44951095,FGI-DK,1,53.60565003551374,MPA_CustomerAgreement,Local Profile,53.60565003551374,100.0
DK,44953837,B2B-DK,13,109.89848594967503,MPA_CustomerAgreement,Local Profile,109.89848594967503,100.0
DK,45169200A,DKR-DK,2,9090.892529436192,MPA_CustomerAgreement,Local Profile,9090.892529436192,100.0
DK,45281222,DKR-DK,1,132.72912532847107,MPA_CustomerAgreement,Local Profile,132.72912532847107,100.0
DK,4562263840,B2B-DK,4,38.66201903740441,MPA_CustomerAgreement,Local Profile,38.66201903740441,100.0
DK,45859859,B2B-DK,1,71.62546254089129,MPA_CustomerAgreement,Local Profile,71.62546254089129,100.0
DK,45869500A,JMU-DK,283,108226.33047242984,MPA_CustomerAgreement,Local Profile,108226.33047242984,100.0
DK,45893210,MIJ-DK,1,6.971163514002654,MPA_CustomerAgreement,Local Profile,6.971163514002654,100.0
DK,46165100,MRR-DK,1,0.029493384097676715,MPA_CustomerAgreement,Local Profile,0.029493384097676715,100.0
DK,46180200,B2B-DK,3,991.3272813637439,MPA_CustomerAgreement,Local Profile,991.3272813637439,100.0
DK,46195100,CHA-DK,12,314.6121558163235,MPA_CustomerAgreement,Local Profile,314.6121558163235,100.0
DK,46350883,RET-DK,1,0.013405724244252296,MPA_CustomerAgreement,Local Profile,0.013405724244252296,100.0
DK,46381911,B2B-DK,1,64.26907318640708,MPA_CustomerAgreement,Local Profile,15.595743695815585,412.09
DK,46381911,DKR-DK,4,-48.6733294905915,MPA_CustomerAgreement,Local Profile,15.595743695815585,-312.09
DK,46732519A,BVA-DK,1,9.775029777438734,MPA_CustomerAgreement,Local Profile,9.775029777438734,100.0
DK,46932061A,JMA-DK,2,314.0680908868368,MPA_CustomerAgreement,Local Profile,314.0680908868368,100.0
DK,48143300,BVA-DK,1,0.013412017167381975,MPA_CustomerAgreement,Local Profile,0.013412017167381975,100.0
DK,49708077,B2B-DK,2,715.0028091728866,MPA_CustomerAgreement,Local Profile,3099.3295688614717,23.07
DK,49708077,DKR-DK,11,2384.3267596885853,MPA_CustomerAgreement,Local Profile,3099.3295688614717,76.93
DK,50480068A,B2B-DK,1,302.91251725663125,MPA_CustomerAgreement,Local Profile,302.91251725663125,100.0
DK,51800180,DKR-DK,6,1437.1867155721277,MPA_CustomerAgreement,Local Profile,1437.1867155721277,100.0
DK,52515329E,DKR-DK,9,2092.9822800520387,MPA_CustomerAgreement,Local Profile,2221.921570410077,94.2
DK,52515329E,ERO-DK,3,128.93929035803808,MPA_CustomerAgreement,Local Profile,2221.921570410077,5.8
DK,53303651,B2B-DK,1,211.1802158032304,MPA_CustomerAgreement,Local Profile,210.3758399988546,100.38
DK,53303651,SLI-DK,1,-0.8043758043758044,MPA_CustomerAgreement,Local Profile,210.3758399988546,-0.38
DK,53536566,MIJ-DK,1,0.18099183525720952,MPA_CustomerAgreement,Local Profile,0.18099183525720952,100.0
DK,53549474A,SGL-DK,15,9264.373688300944,MPA_CustomerAgreement,Local Profile,9264.373688300944,100.0
DK,55720343,JMA-DK,1,27.875311587016537,MPA_CustomerAgreement,Local Profile,27.875311587016537,100.0
DK,55721075A,JMA-DK,4,660.1925579834272,MPA_CustomerAgreement,Local Profile,660.1925579834272,100.0
DK,55774030,CBE-DK,14,1850.4121707660345,MPA_CustomerAgreement,Local Profile,1850.4121707660345,100.0
DK,56641100,B2B-DK,2,213.4680135802902,MPA_CustomerAgreement,Local Profile,213.4680135802902,100.0
DK,57608657,B2B-DK,3,0.2249357326478149,MPA_CustomerAgreement,Local Profile,0.2249357326478149,100.0
DK,58264398A,SEC-DK,1,10.721273687314053,MPA_CustomerAgreement,Local Profile,10.721273687314053,100.0
DK,60241060,MIJ-DK,2,315.72500180930746,MPA_CustomerAgreement,Local Profile,315.72500180930746,100.0
DK,60291010A,IFO-DK,2,537.149496596376,MPA_CustomerAgreement,Local Profile,550.0201996585308,97.66
DK,60291010A,KMA-DK,1,12.870703062154771,MPA_CustomerAgreement,Local Profile,550.0201996585308,2.34
DK,60651539,MPN-DK,3,644.9850268587699,MPA_CustomerAgreement,Local Profile,644.9850268587699,100.0
DK,60802060A,B2B-DK,1,14.99451093796021,MPA_CustomerAgreement,Local Profile,14.99451093796021,100.0
DK,61618353,B2B-DK,1,26.519448131611757,MPA_CustomerAgreement,Local Profile,26.519448131611757,100.0
DK,61796060,PAV-DK,1,117.54141424971854,MPA_CustomerAgreement,Local Profile,117.54141424971854,100.0
DK,61799700,MPE-DK,32,8956.504951757766,MPA_CustomerAgreement,Local Profile,9159.188113711494,97.79
DK,61799700,UWH-DK,1,202.6831619537275,MPA_CustomerAgreement,Local Profile,9159.188113711494,2.21
DK,62211766,JMU-DK,256,44039.34590374612,MPA_CustomerAgreement,Local Profile,44039.34590374612,100.0
DK,62220000,B2B-DK,3,11.918916023993113,MPA_CustomerAgreement,Local Profile,11.918916023993113,100.0
DK,63113333,B2B-DK,2,259.98970419995334,MPA_CustomerAgreement,Local Profile,288.27199090995936,90.19
DK,63113333,KMA-DK,1,28.282286710006034,MPA_CustomerAgreement,Local Profile,288.27199090995936,9.81
DK,63133030,B2B-DK,2,48.13627953125419,MPA_CustomerAgreement,Local Profile,48.13627953125419,100.0
DK,63550028,B2B-DK,11,430.28504963027063,MPA_CustomerAgreement,Local Profile,1306.3911363893992,32.94
DK,63550028,SLI-DK,22,876.1060867591285,MPA_CustomerAgreement,Local Profile,1306.3911363893992,67.06
DK,65351933A,FRA-DK,2,111.36528685785166,MPA_CustomerAgreement,Local Profile,111.36528685785166,100.0
DK,66140666,BVA-DK,3,239.7638433921678,MPA_CustomerAgreement,Local Profile,239.7638433921678,100.0
DK,70100150B,KMA-DK,1,146.37088666979426,MPA_CustomerAgreement,Local Profile,146.37088666979426,100.0
DK,70101120,KMA-DK,4,1237.6862807588554,MPA_CustomerAgreement,Local Profile,1237.6862807588554,100.0
DK,70107077,LBN-DK,42,2213.416206854628,MPA_CustomerAgreement,Local Profile,2213.416206854628,100.0
DK,70124400,KMA-DK,4,-17.941697180028605,MPA_CustomerAgreement,Local Profile,-17.941697180028605,100.0
DK,70131388,B2B-DK,8,511.9945653758719,MPA_CustomerAgreement,Local Profile,511.9945653758719,100.0
DK,70133233,MPE-DK,54,-904.925730907456,MPA_CustomerAgreement,Local Profile,-904.925730907456,100.0
DK,70137020,JMA-DK,23,820.7111597481809,MPA_CustomerAgreement,Local Profile,3121.7063276825884,26.29
DK,70137020,KMA-DK,20,-8.732519062248901,MPA_CustomerAgreement,Local Profile,3121.7063276825884,-0.28
DK,70137020,SLI-DK,33,2309.7276869966563,MPA_CustomerAgreement,Local Profile,3121.7063276825884,73.99
DK,70200099,LBN-DK,1,13066.863738738739,MPA_CustomerAgreement,Local Profile,13066.863738738739,100.0
DK,70201110,B2B-DK,1,47.78774089935761,MPA_CustomerAgreement,Local Profile,149.44978721238027,31.98
DK,70201110,BVA-DK,8,101.66204631302267,MPA_CustomerAgreement,Local Profile,149.44978721238027,68.02
DK,70201799,CHA-DK,110,68206.28616757014,MPA_CustomerAgreement,Local Profile,68595.43202134088,99.43
DK,70201799,MRR-DK,8,389.1458537707417,MPA_CustomerAgreement,Local Profile,68595.43202134088,0.57
DK,70202555,KMA-DK,61,1923.0926727029916,MPA_CustomerAgreement,Local Profile,1923.0926727029916,100.0
DK,70202955A,CHA-DK,3,25.38279146405175,MPA_CustomerAgreement,Local Profile,25.38279146405175,100.0
DK,70202999,CHA-DK,25,12272.624566543134,MPA_CustomerAgreement,Local Profile,13303.259214727905,92.25
DK,70202999,MRR-DK,5,1030.6346481847697,MPA_CustomerAgreement,Local Profile,13303.259214727905,7.75
DK,70203700,DKR-DK,1,0.013406263406263406,MPA_CustomerAgreement,Local Profile,0.013406263406263406,100.0
DK,70205161,KMA-DK,87,2243.504875757417,MPA_CustomerAgreement,Local Profile,2243.504875757417,100.0
DK,70207401,B2B-DK,2,537.8267218627334,MPA_CustomerAgreement,Local Profile,537.8267218627334,100.0
DK,70207473,CHA-DK,8,260.0925932733777,MPA_CustomerAgreement,Local Profile,260.10599450629115,99.99
DK,70207473,MRR-DK,1,0.013401232913428037,MPA_CustomerAgreement,Local Profile,260.10599450629115,0.01
DK,70207678,KMA-DK,3,19.306054593232155,MPA_CustomerAgreement,Local Profile,19.306054593232155,100.0
DK,70207780,MRO-DK,18,258.49913026426617,MPA_CustomerAgreement,Local Profile,300.49915203785133,86.02
DK,70207780,SLI-DK,9,42.000021773585146,MPA_CustomerAgreement,Local Profile,300.49915203785133,13.98
DK,70208666A,CBE-DK,21,849.4468681978417,MPA_CustomerAgreement,Local Profile,1383.148529965078,61.41
DK,70208666A,MPN-DK,8,533.7016617672364,MPA_CustomerAgreement,Local Profile,1383.148529965078,38.59
DK,70208880,SEC-DK,1,10.050789992093378,MPA_CustomerAgreement,Local Profile,10.050789992093378,100.0
DK,70209091,B2B-DK,1,0.013401232913428037,MPA_CustomerAgreement,Local Profile,0.013401232913428037,100.0
DK,70220150,JMU-DK,152,3774.010955753235,MPA_CustomerAgreement,Local Profile,3774.010955753235,100.0
DK,70220302,MIJ-DK,1,2.010481309225429,MPA_CustomerAgreement,Local Profile,52.20078901802783,3.85
DK,70220302,PAV-DK,1,50.1903077088024,MPA_CustomerAgreement,Local Profile,52.20078901802783,96.15
DK,70222014,B2B-DK,1,0.013401232913428037,MPA_CustomerAgreement,Local Profile,0.013401232913428037,100.0
DK,70222118B,FRA-DK,2,78.98605150214604,MPA_CustomerAgreement,Local Profile,78.98605150214604,100.0
DK,70222337,SEC-DK,14,2042.6003004104582,MPA_CustomerAgreement,Local Profile,2042.6003004104582,100.0
DK,70222555,B2B-DK,2,283.85695444078965,MPA_CustomerAgreement,Local Profile,283.85695444078965,100.0
DK,70222999,DKR-DK,2,102.25414779275778,MPA_CustomerAgreement,Local Profile,102.25414779275778,100.0
DK,70223360,AHE-DK,4,359.9495460234611,MPA_CustomerAgreement,Local Profile,839.2906397881732,42.89
DK,70223360,B2B-DK,4,479.341093764712,MPA_CustomerAgreement,Local Profile,839.2906397881732,57.11
DK,70223545,KMA-DK,9,44.8324640947846,MPA_CustomerAgreement,Local Profile,44.8324640947846,100.0
DK,70224744A,B2B-DK,1,0.013401232913428037,MPA_CustomerAgreement,Local Profile,0.013401232913428037,100.0
DK,70225265,MPN-DK,1,-20.63132497821863,MPA_CustomerAgreement,Local Profile,-20.63132497821863,100.0
DK,70230310,MPN-DK,7,1124.7485471155846,MPA_CustomerAgreement,Local Profile,1124.7485471155846,100.0
DK,70230522,MPE-DK,58,22955.464269780776,MPA_CustomerAgreement,Local Profile,22955.464269780776,100.0
DK,70231133,JMA-DK,1,141.5910218420241,MPA_CustomerAgreement,Local Profile,141.5910218420241,100.0
DK,70232390A,MPE-DK,18,3493.4300436656317,MPA_CustomerAgreement,Local Profile,3493.4300436656317,100.0
DK,70234949,LBN-DK,29,5658.6108170919215,MPA_CustomerAgreement,Local Profile,6772.795442373362,83.55
DK,70234949,SGL-DK,1,1114.1846252814405,MPA_CustomerAgreement,Local Profile,6772.795442373362,16.45
DK,70239050,MPN-DK,11,622.6652044731445,MPA_CustomerAgreement,Local Profile,622.6652044731445,100.0
DK,70239232A,MPE-DK,3,288.38892971534926,MPA_CustomerAgreement,Local Profile,288.38892971534926,100.0
DK,70250580,B2B-DK,1,67.03401305822574,MPA_CustomerAgreement,Local Profile,67.0487544144305,99.98
DK,70250580,DKR-DK,1,0.01474135620477084,MPA_CustomerAgreement,Local Profile,67.0487544144305,0.02
DK,70250760,B2B-DK,1,28.907922912205567,MPA_CustomerAgreement,Local Profile,71.27114734345247,40.56
DK,70250760,DKR-DK,1,42.3632244312469,MPA_CustomerAgreement,Local Profile,71.27114734345247,59.44
DK,70252425,B2B-DK,1,59.513437437169095,MPA_CustomerAgreement,Local Profile,121.27388565849178,49.07
DK,70252425,DKR-DK,3,61.76044822132268,MPA_CustomerAgreement,Local Profile,121.27388565849178,50.93
DK,70252510,MPN-DK,46,37347.79101900881,MPA_CustomerAgreement,Local Profile,37347.79101900881,100.0
DK,70252586B,CBE-DK,46,100763.25972911195,MPA_CustomerAgreement,Local Profile,100763.25972911195,100.0
DK,70260265,SEC-DK,2,144.82106400311778,MPA_CustomerAgreement,Local Profile,144.82106400311778,100.0
DK,70262988,MRO-DK,26,8528.32659970474,MPA_CustomerAgreement,Local Profile,8589.811583644396,99.28
DK,70262988,SLI-DK,6,61.48498393965629,MPA_CustomerAgreement,Local Profile,8589.811583644396,0.72
DK,70264476,B2B-DK,2,0.0,MPA_CustomerAgreement,Local Profile,42.53516216832257,0.0
DK,70264476,DKR-DK,1,42.53516216832257,MPA_CustomerAgreement,Local Profile,42.53516216832257,100.0
DK,70265858A,LVE-DK,3,1399.655304661876,MPA_CustomerAgreement,Local Profile,1412.4587827038179,99.09
DK,70265858A,UWH-DK,3,12.803478041941931,MPA_CustomerAgreement,Local Profile,1412.4587827038179,0.91
DK,70271008,UWH-DK,2,113.57700249389934,MPA_CustomerAgreement,Local Profile,113.57700249389934,100.0
DK,70271822,RET-DK,1,42.31640766415039,MPA_CustomerAgreement,Local Profile,42.31640766415039,100.0
DK,70273333,DKR-DK,1,35.915785523794206,MPA_CustomerAgreement,Local Profile,35.915785523794206,100.0
DK,70277330,DKR-DK,1,0.0,MPA_CustomerAgreement,Local Profile,0.0,
DK,70277722,B2B-DK,1,6.680520176967422,MPA_CustomerAgreement,Local Profile,6.680520176967422,100.0
DK,70300330,DKR-DK,4,201.15502496085233,MPA_CustomerAgreement,Local Profile,550.6445240028522,36.53
DK,70300330,MRO-DK,3,127.21022946451973,MPA_CustomerAgreement,Local Profile,550.6445240028522,23.1
DK,70300330,SLI-DK,5,222.27926957748014,MPA_CustomerAgreement,Local Profile,550.6445240028522,40.37
DK,70601574,B2B-DK,1,72.65428127178167,MPA_CustomerAgreement,Local Profile,72.6676825046951,99.98
DK,70601574,DKR-DK,1,0.013401232913428037,MPA_CustomerAgreement,Local Profile,72.6676825046951,0.02
DK,70702123A,MPE-DK,1,628.5392535392535,MPA_CustomerAgreement,Local Profile,628.5392535392535,100.0
DK,70702501,SEC-DK,3,99.76065235185392,MPA_CustomerAgreement,Local Profile,99.76065235185392,100.0
DK,71151975,DKR-DK,4,-9.651992098608096,MPA_CustomerAgreement,Local Profile,-9.651992098608096,100.0
DK,71745745,B2B-DK,4,-1815.2401326595343,MPA_CustomerAgreement,Local Profile,-1815.2401326595343,100.0
DK,71992319,IFO-DK,24,1851.345310582612,MPA_CustomerAgreement,Local Profile,1851.345310582612,100.0
DK,71996868,KMA-DK,17,170.9304550271836,MPA_CustomerAgreement,Local Profile,170.9304550271836,100.0
DK,71998999,KMA-DK,42,12209.109126049381,MPA_CustomerAgreement,Local Profile,12209.109126049381,100.0
DK,72170150,MPN-DK,47,9377.632920223623,MPA_CustomerAgreement,Local Profile,9377.632920223623,100.0
DK,72170194,CHA-DK,1,148.6963970233953,MPA_CustomerAgreement,Local Profile,148.6963970233953,100.0
DK,72183360,KMA-DK,3,533.5174252269095,MPA_CustomerAgreement,Local Profile,533.5174252269095,100.0
DK,72200323,SEC-DK,2,353.9644971573088,MPA_CustomerAgreement,Local Profile,353.9644971573088,100.0
DK,72667015,LBN-DK,1,495.65531738274717,MPA_CustomerAgreement,Local Profile,495.65531738274717,100.0
DK,73709295,MPE-DK,3,161.62537387360663,MPA_CustomerAgreement,Local Profile,6629.97386951832,2.44
DK,73709295,RET-DK,4,6364.382865333003,MPA_CustomerAgreement,Local Profile,6629.97386951832,95.99
DK,73709295,SEC-DK,1,103.9656303117095,MPA_CustomerAgreement,Local Profile,6629.97386951832,1.57
DK,74123200,CBE-DK,54,14787.113467685871,MPA_CustomerAgreement,Local Profile,14787.113467685871,100.0
DK,74561340,MPE-DK,24,5428.894197116213,MPA_CustomerAgreement,Local Profile,5428.894197116213,100.0
DK,75119191,CHA-DK,7,547.4978350639634,MPA_CustomerAgreement,Local Profile,547.5112379134092,100.0
DK,75119191,MRR-DK,1,0.013402849445792175,MPA_CustomerAgreement,Local Profile,547.5112379134092,0.0
DK,75245516,CBE-DK,5,931.288955445621,MPA_CustomerAgreement,Local Profile,931.288955445621,100.0
DK,75381414,CHA-DK,6,156.5348498639969,MPA_CustomerAgreement,Local Profile,156.5348498639969,100.0
DK,75502035,JMA-DK,68,669.3487052033214,MPA_CustomerAgreement,Local Profile,669.3487052033214,100.0
DK,75503205,SEC-DK,1,0.0,MPA_CustomerAgreement,Local Profile,0.0,
DK,75534480B,B2B-DK,5,668.6130617308189,MPA_CustomerAgreement,Local Profile,668.6130617308189,100.0
DK,75624577,CBE-DK,33,4537.489944414888,MPA_CustomerAgreement,Local Profile,4537.489944414888,100.0
DK,75631010,JMA-DK,9,5623.813347025499,MPA_CustomerAgreement,Local Profile,5623.813347025499,100.0
DK,75642700A,JMA-DK,1,24.114786383183958,MPA_CustomerAgreement,Local Profile,24.114786383183958,100.0
DK,75723211,JMA-DK,1,92.67377170051611,MPA_CustomerAgreement,Local Profile,92.67377170051611,100.0
DK,75859100,MPN-DK,5,844.4674359809763,MPA_CustomerAgreement,Local Profile,844.4674359809763,100.0
DK,75921510,PAV-DK,2,132.4301645080534,MPA_CustomerAgreement,Local Profile,132.4301645080534,100.0
DK,76125900,B2B-DK,1,8.150864607313025,MPA_CustomerAgreement,Local Profile,8.150864607313025,100.0
DK,76232323,UWH-DK,12,5435.288265698582,MPA_CustomerAgreement,Local Profile,5435.288265698582,100.0
DK,76244040,LVE-DK,22,24228.327929552444,MPA_CustomerAgreement,Local Profile,41716.385452226656,58.08
DK,76244040,SGL-DK,14,13499.375467114945,MPA_CustomerAgreement,Local Profile,41716.385452226656,32.36
DK,76244040,UWH-DK,10,3988.682055559267,MPA_CustomerAgreement,Local Profile,41716.385452226656,9.56
DK,76245214A,CBE-DK,25,10567.052103010301,MPA_CustomerAgreement,Local Profile,10567.052103010301,100.0
DK,76498300A,BVA-DK,4,0.0,MPA_CustomerAgreement,Local Profile,234.46161525853444,0.0
DK,76498300A,FRA-DK,5,234.46161525853444,MPA_CustomerAgreement,Local Profile,234.46161525853444,100.0
DK,76710000,KMA-DK,46,7825.2760302286,MPA_CustomerAgreement,Local Profile,7825.2760302286,100.0
DK,76760260,BVA-DK,1,0.013401232913428037,MPA_CustomerAgreement,Local Profile,0.013401232913428037,100.0
DK,77348330,B2B-DK,24,2505.0751123637124,MPA_CustomerAgreement,Local Profile,2505.0751123637124,100.0
DK,79140700A,B2B-DK,1,5.795372281952972,MPA_CustomerAgreement,Local Profile,127.67727892211428,4.54
DK,79140700A,KMA-DK,2,121.8819066401613,MPA_CustomerAgreement,Local Profile,127.67727892211428,95.46
DK,79166666,UWH-DK,28,12521.650373167595,MPA_CustomerAgreement,Local Profile,12521.650373167595,100.0
DK,79420100,MPE-DK,96,16424.063417748057,MPA_CustomerAgreement,Local Profile,16424.063417748057,100.0
DK,81655620,SEC-DK,1,1.876851715308407,MPA_CustomerAgreement,Local Profile,1.876851715308407,100.0
DK,82194444,KMA-DK,16,3349.2936537207124,MPA_CustomerAgreement,Local Profile,3349.2936537207124,100.0
DK,86150955,MRO-DK,1,-46.64191607135677,MPA_CustomerAgreement,Local Profile,68.55086091203347,-68.04
DK,86150955,SLI-DK,4,115.19277698339025,MPA_CustomerAgreement,Local Profile,68.55086091203347,168.04
DK,86442211,FRA-DK,30,6931.472985267216,MPA_CustomerAgreement,Local Profile,6931.472985267216,100.0
DK,86494171,JMU-DK,1,245.00408786908096,MPA_CustomerAgreement,Local Profile,245.00408786908096,100.0
DK,86988660,B2B-DK,5,312.80030727181327,MPA_CustomerAgreement,Local Profile,1167.577658598967,26.79
DK,86988660,DKR-DK,7,854.7773513271538,MPA_CustomerAgreement,Local Profile,1167.577658598967,73.21
DK,87490077,UWH-DK,1,522.2392021233813,MPA_CustomerAgreement,Local Profile,522.2392021233813,100.0
DK,87613060,B2B-DK,1,0.01474135620477084,MPA_CustomerAgreement,Local Profile,0.01474135620477084,100.0
DK,87646000A,MPE-DK,253,396236.9328227663,MPA_CustomerAgreement,Local Profile,396236.9328227663,100.0
DK,88700900,JMU-DK,111,15504.637005529643,MPA_CustomerAgreement,Local Profile,15504.637005529643,100.0
DK,88807730,FRA-DK,2,3.4817651059798216,MPA_CustomerAgreement,Local Profile,3.4817651059798216,100.0
DK,92154494,JMA-DK,4,72.24210094375033,MPA_CustomerAgreement,Local Profile,72.24210094375033,100.0
DK,96130000,B2B-DK,11,203.3496699536791,MPA_CustomerAgreement,Local Profile,196.05043867515735,103.72
DK,96130000,KMA-DK,2,-7.299231278521747,MPA_CustomerAgreement,Local Profile,196.05043867515735,-3.72
DK,96317790B,ERO-DK,1,1.0722135849461214,MPA_CustomerAgreement,Local Profile,1.0722135849461214,100.0
DK,96327070,JMA-DK,1,46.35863733905579,MPA_CustomerAgreement,Local Profile,446.77618504923487,10.38
DK,96327070,KMA-DK,1,400.41754771017906,MPA_CustomerAgreement,Local Profile,446.77618504923487,89.62
DK,96338600A,B2B-DK,2,12.053491759044498,MPA_CustomerAgreement,Local Profile,12.053491759044498,100.0
DK,96443315,MPE-DK,13,42780.09781621788,MPA_CustomerAgreement,Local Profile,42780.09781621788,100.0
DK,96950000A,DKR-DK,2,14.229429107477888,MPA_CustomerAgreement,Local Profile,14.229429107477888,100.0
DK,97535375,B2B-DK,2,36.32999973188193,MPA_CustomerAgreement,Local Profile,36.32999973188193,100.0
DK,98109440,JMA-DK,9,216.287118675849,MPA_CustomerAgreement,Local Profile,216.287118675849,100.0
DK,98138888,LBN-DK,2,358.43140405135824,MPA_CustomerAgreement,Local Profile,358.43140405135824,100.0
DK,98181777,FRA-DK,7,423.354240550769,MPA_CustomerAgreement,Local Profile,423.354240550769,100.0
DK,98213450,JMA-DK,1,46.35863733905579,MPA_CustomerAgreement,Local Profile,46.35863733905579,100.0
DK,98423800,B2B-DK,1,45.378139996246745,MPA_CustomerAgreement,Local Profile,45.378139996246745,100.0
DK,98624898,KMA-DK,1,0.0,MPA_CustomerAgreement,Local Profile,0.0,
DK,99283311,KMA-DK,3,-8.910125509393488,MPA_CustomerAgreement,Local Profile,-8.910125509393488,100.0
DK,99364000,SEC-DK,1,0.0,MPA_CustomerAgreement,Local Profile,0.0,
